Top queries,Clicks,Impressions,CTR,Position
abels moving services,1796,4053,44.31%,1.41
abels removals,967,3467,27.89%,1.54
abels,846,13288,6.37%,8.86
abels moving services ltd,207,606,34.16%,1.33
abels moving,140,481,29.11%,1.96
able removals,104,1061,9.8%,6.4
abels moving services limited,93,232,40.09%,2.62
abels the art of moving,91,279,32.62%,4
abel removals,74,257,28.79%,2.52
abels potters bar,55,779,7.06%,1.01
abels storage,46,338,13.61%,3.27
abels removals brandon,45,293,15.36%,2.2
abels brandon,42,342,12.28%,2.17
removal companies norwich,39,5495,0.71%,14.16
abel movers,37,232,15.95%,8.24
abels moving services potters bar,34,281,12.1%,2.1
returning resident zimbabwe,27,1723,1.57%,5.04
angus gunn phoebe hilton,27,528,5.11%,3.37
phoebe hilton angus gunn,25,444,5.63%,2.89
abel moving,24,105,22.86%,5.96
how to transport a grandfather clock,23,1587,1.45%,20.82
abels international moving services,23,381,6.04%,1.2
able removals and storage,22,202,10.89%,7.68
abel removers,21,54,38.89%,1.26
how to move a grandfather clock,19,1849,1.03%,14.39
removal companies bury st edmunds,19,1784,1.07%,11.94
ables,19,847,2.24%,5.56
moving company uk,18,7320,0.25%,17.16
removal companies near me,16,6090,0.26%,35.57
moving a grandfather clock,16,3460,0.46%,12.32
able removers,16,545,2.94%,9.81
zimbabwe returning resident vehicle requirements pdf,16,518,3.09%,6.35
moving to bermuda from uk,14,1720,0.81%,8.43
transporting a grandfather clock,14,918,1.53%,22.23
able removals liverpool,14,393,3.56%,4.94
abels removals reviews,14,261,5.36%,3.07
able moving services,14,69,20.29%,4.41
moving company,13,38403,0.03%,41.71
removals norwich,13,3634,0.36%,19.39
grandfather clock movers near me,13,513,2.53%,9.98
moving to st lucia from uk,13,476,2.73%,3.43
moving services,12,33196,0.04%,25.17
moving company london,12,11637,0.1%,28.28
moving to hawaii from uk,12,689,1.74%,3.22
removals uk,11,7853,0.14%,18.5
moving services uk,11,6070,0.18%,14.22
removals potters bar,11,5895,0.19%,4.67
removals north walsham,11,2358,0.47%,5.32
grandfather clock removals,11,2174,0.51%,3.7
abel's,11,798,1.38%,4.91
moving to dominican republic from uk,11,252,4.37%,4.04
returning resident to zimbabwe from uk,11,226,4.87%,2.31
abels movers,11,29,37.93%,1.48
moving to jamaica from uk,10,1018,0.98%,5.23
panama relocation guide pdf,10,491,2.04%,7.39
removal companies north walsham,10,237,4.22%,3.37
how to move to hawaii from uk,9,600,1.5%,3.19
abels transport,9,133,6.77%,6.37
removal company,8,30790,0.03%,41.41
fidi,8,6962,0.11%,10.78
removals huntingdon,8,4648,0.17%,14.02
removal companies potters bar,8,1796,0.45%,4.09
moving to cayman islands from uk,8,1149,0.7%,10.45
move to bermuda from uk,8,767,1.04%,7.54
moving to the bahamas from uk,8,516,1.55%,4.59
moving company in uk,8,344,2.33%,12.51
transporting grandfather clock,8,228,3.51%,16.25
moving companies,7,29517,0.02%,38.4
removals norfolk,7,4362,0.16%,19.28
moving service uk,7,3725,0.19%,16.73
removal companies huntingdon,7,2795,0.25%,12.53
removal companies norfolk,7,1696,0.41%,18.66
moving to bermuda,7,1506,0.46%,23.25
moving to bahamas,7,1124,0.62%,14.96
moving to panama from uk,7,733,0.95%,6.39
moving to the bahamas,7,688,1.02%,25.66
moving to antigua from uk,7,438,1.6%,7.15
move to panama from uk,7,382,1.83%,6.4
grandfather clock transport,7,279,2.51%,25.19
home move concierge,7,199,3.52%,6.82
jordan neave,7,64,10.94%,1.84
removal companies uk,6,7307,0.08%,18.65
moving to syria,6,1675,0.36%,6.51
norwich removals,6,1128,0.53%,15.75
zimbabwe returning resident vehicle requirements,6,623,0.96%,6.42
move to hawaii from uk,6,502,1.2%,3.14
returning resident zimbabwe requirements,6,475,1.26%,7.19
mexico relocation guide pdf,6,302,1.99%,7.42
moving grandfather clock,6,280,2.14%,23.69
zimbabwe returning resident requirements,6,224,2.68%,6.07
transport grandfather clock,6,132,4.55%,21.5
ables storage,6,56,10.71%,14.41
removal companies,5,30817,0.02%,49.58
international moving companies,5,8621,0.06%,23.36
international removals insurance,5,4064,0.12%,20.52
removals ely,5,3930,0.13%,15.76
removals suffolk,5,2393,0.21%,31.33
house removals potters bar,5,1876,0.27%,6.73
moving to israel from uk,5,1048,0.48%,11.44
moving to philippines from uk,5,836,0.6%,8.65
moving to iran,5,523,0.96%,9.82
moving to kenya from uk,5,471,1.06%,5.57
can i move to hawaii from uk,5,426,1.17%,3.75
moving to sri lanka from uk,5,380,1.32%,7.02
norwich removal company,5,354,1.41%,12.64
how to move to bermuda from uk,5,322,1.55%,5.43
grandfather clock movers,5,320,1.56%,11.15
returning resident zimbabwe car,5,224,2.23%,6.06
moving to bahamas from uk,5,146,3.42%,5.68
abels moving services reviews,5,142,3.52%,3.32
international relocation,4,8217,0.05%,28.3
moving services london,4,6090,0.07%,24.22
moving companies near me,4,4567,0.09%,38.11
london moving company,4,4273,0.09%,37.61
moving company in london,4,2220,0.18%,24.34
movers uk,4,2155,0.19%,19.81
moving to morocco from uk,4,2040,0.2%,11.46
moving to pakistan from uk,4,1973,0.2%,6.67
how to move to syria,4,1263,0.32%,5.55
huntingdon removals,4,1250,0.32%,11.3
removal company potters bar,4,858,0.47%,3.69
removal services uk,4,847,0.47%,16.92
moving to bahrain from uk,4,501,0.8%,7.49
international removals insurance uk,4,261,1.53%,6.89
scroxton and scroxton,4,239,1.67%,8.84
able movers,4,208,1.92%,7.37
norwich moving company,4,208,1.92%,13.77
how to transport grandfather clock,4,198,2.02%,18.13
able removal service,4,116,3.45%,21.34
moving concierge,4,101,3.96%,16.35
luxury movers,4,36,11.11%,5.17
abels.co.uk,4,26,15.38%,2.12
abel storage,4,23,17.39%,3.61
removals company,3,29108,0.01%,50.48
removals companies,3,12162,0.02%,34.23
international removal companies,3,10377,0.03%,27.57
removals kensington,3,10274,0.03%,20.32
moving companies london,3,7920,0.04%,37.16
house removals,3,4261,0.07%,36.71
moving to pakistan,3,3850,0.08%,10.72
movers in uk,3,3695,0.08%,18.91
removal companies in uk,3,3117,0.1%,21.1
moving to cayman islands,3,2949,0.1%,20.42
removals company near me,3,2470,0.12%,43.02
removals company norwich,3,1591,0.19%,13.92
can i move to bermuda from uk,3,1192,0.25%,8.75
move to syria,3,1182,0.25%,7.05
moving to spain from uk,3,1131,0.27%,26.43
premium moving services,3,944,0.32%,19.6
moving to antigua,3,937,0.32%,27.42
removals watton,3,914,0.33%,2.94
international relocation services uk,3,905,0.33%,8.47
north norfolk removals,3,494,0.61%,12.4
removals brandon,3,461,0.65%,8.62
moving to uruguay from uk,3,446,0.67%,6.14
international removal insurance,3,438,0.68%,13.12
moving to zimbabwe from uk,3,382,0.79%,6.33
how to move to jamaica from uk,3,369,0.81%,5.17
how to move to russia from uk,3,353,0.85%,9.63
oman,3,349,0.86%,3.37
can i move to the cayman islands from the uk,3,329,0.91%,10.94
fidi faim,3,292,1.03%,10.08
moving to fiji from uk,3,285,1.05%,5.51
move to jamaica from uk,3,251,1.2%,5.45
house removals near me,3,232,1.29%,49.85
how to move to spain from uk,3,226,1.33%,4.92
luxury moving company,3,222,1.35%,10.59
james mehmet,3,188,1.6%,2.18
move to antigua,3,183,1.64%,12.09
moving to taiwan from uk,3,138,2.17%,5.33
zimra returning resident requirements,3,128,2.34%,3.52
able removals reviews,3,102,2.94%,7.05
grandfather clock moving kit,3,90,3.33%,29.08
bringing wooden items into new zealand,3,83,3.61%,8.47
how to transport a grandfather clock safely,3,74,4.05%,18.88
charity moving services,3,66,4.55%,6.47
moving a grandfather clock to another house,3,54,5.56%,3.46
abels moving services ely,3,23,13.04%,1.04
removals,2,37012,0.01%,46.61
international removals,2,33284,0.01%,31.28
international moving company,2,11435,0.02%,25.9
international relocation services,2,10333,0.02%,24.3
moving companies uk,2,7611,0.03%,18.87
removal company chelsea,2,5505,0.04%,14.93
movers london,2,5339,0.04%,52.66
removal company near me,2,4356,0.05%,41.56
moving companies in uk,2,4277,0.05%,17.18
uk moving company,2,4014,0.05%,18.53
ff&e services,2,3855,0.05%,11.43
removal company uk,2,3838,0.05%,19.29
removals bury st edmunds,2,3565,0.06%,18.17
moving company near me,2,3526,0.06%,30.21
removals mayfair,2,3504,0.06%,8.32
investors in people,2,2901,0.07%,23.27
moving services in london,2,2684,0.07%,18.06
potters bar removals,2,2479,0.08%,3.1
house removals london,2,2416,0.08%,42.77
luxury removals,2,1918,0.1%,16.75
removals company potters bar,2,1868,0.11%,3.77
london moving services,2,1866,0.11%,26.4
high end removals,2,1787,0.11%,18.49
move to bahamas,2,1500,0.13%,26.2
moving company chelsea,2,1491,0.13%,13.8
uk moving services,2,1472,0.14%,12.43
removal companies ely,2,1317,0.15%,13.4
removals near me,2,1270,0.16%,46.37
removals beccles,2,1243,0.16%,12.37
removal company norwich,2,1196,0.17%,14.29
international moving insurance,2,1192,0.17%,40.2
can i move to syria,2,1138,0.18%,8.94
moving to jamaica,2,1118,0.18%,8.44
moving to jordan,2,1090,0.18%,15.5
ely removals,2,992,0.2%,13.52
move to kenya,2,963,0.21%,11.32
moving to mexico from uk,2,940,0.21%,10.58
removal services in london,2,898,0.22%,42.67
suffolk removals,2,874,0.23%,31.19
fidi meaning,2,855,0.23%,6.21
moving to russia from uk,2,837,0.24%,10.26
house moving companies,2,793,0.25%,52.44
house moving service,2,776,0.26%,30.41
moving house helpers,2,753,0.27%,14.29
chandelier removal,2,691,0.29%,15.75
moving to kenya,2,681,0.29%,11.44
removal company norfolk,2,677,0.3%,26.79
house movers,2,674,0.3%,35.07
packing service for moving,2,673,0.3%,43.08
move to israel from uk,2,670,0.3%,16.25
investor in people,2,662,0.3%,26.21
moving companies bury st edmunds,2,658,0.3%,10.74
premium moving company,2,615,0.33%,54.9
antique furniture storage,2,593,0.34%,10.78
how to pack a chandelier for moving,2,588,0.34%,8
move to russia from uk,2,567,0.35%,9.32
removal companies thetford,2,547,0.37%,18.58
removal firms near me,2,504,0.4%,22.65
moving company bury st edmunds,2,501,0.4%,10.79
removals holt,2,479,0.42%,6.11
removal companies beccles,2,463,0.43%,10.42
overseas removal insurance,2,462,0.43%,10.67
can i move to jamaica from uk,2,454,0.44%,5.81
move to the bahamas,2,445,0.45%,12.17
move to seychelles,2,437,0.46%,13.91
relocation concierge services,2,435,0.46%,36.65
how to move to vietnam from uk,2,428,0.47%,7.33
removals and storage huntingdon,2,415,0.48%,9.94
how much does it cost to move a grandfather clock,2,411,0.49%,37.1
norwich removal companies,2,399,0.5%,15.42
move grandfather clock,2,306,0.65%,27.64
relocating to st lucia,2,303,0.66%,30.27
moving to tunisia from uk,2,286,0.7%,5.45
move to cayman islands from uk,2,282,0.71%,8.53
removal companies kings lynn,2,277,0.72%,14.9
moving assistant,2,271,0.74%,38.1
cuffley,2,269,0.74%,3.03
move to morocco from uk,2,257,0.78%,8.49
moving to trinidad and tobago,2,255,0.78%,14.65
can you move to hawaii from uk,2,248,0.81%,3.85
moving to nigeria from uk,2,223,0.9%,6.48
zimbabwe returning resident,2,220,0.91%,5.43
moving to the cayman islands from uk,2,200,1%,9.13
how to move grandfather clock,2,195,1.03%,20
moving to trinidad,2,185,1.08%,11.45
able moving company,2,182,1.1%,6.75
move to st lucia,2,179,1.12%,23.11
charity removal companies,2,165,1.21%,26.53
returning resident car import zimbabwe,2,150,1.33%,5.4
royal movers,2,150,1.33%,8.67
moving to mannheim,2,139,1.44%,9.8
vehicle storage uk,2,139,1.44%,50.4
how to transport a grandmother clock,2,130,1.54%,13.85
best removal company norwich,2,119,1.68%,12.67
luggage movers uk,2,117,1.71%,10.96
abel’s,2,114,1.75%,5.17
moving to doha from uk,2,114,1.75%,6.45
painting movers,2,113,1.77%,34.96
how do you transport a grandfather clock,2,109,1.83%,16.31
premium movers,2,106,1.89%,11.35
how to transport a chandelier,2,88,2.27%,14.06
how to pack a grandfather clock for moving,2,82,2.44%,34.26
removals in uk,2,75,2.67%,23.36
moving companies for businesses,2,74,2.7%,22.28
the art of moving,2,63,3.17%,3.79
holt removals,2,53,3.77%,11.32
panama relocation guide pdf free download,2,52,3.85%,8.83
transfer of residence scheme pakistan,2,45,4.44%,7.16
return resident zimbabwe,2,38,5.26%,7.47
grandfather clock shipping,2,36,5.56%,12
kerry parrish,2,35,5.71%,3.26
moving from uk to bermuda,2,28,7.14%,8.75
abels royal warrant,2,27,7.41%,1
moving company brandon,2,20,10%,5.2
best panama relocation guide pdf,2,12,16.67%,6.17
removal quotes near me,2,6,33.33%,3
abel transportation,2,5,40%,7
removals to spain,1,14135,0.01%,69.35
removals to usa,1,11915,0.01%,76.07
removals london,1,11423,0.01%,70.03
removals services,1,10704,0.01%,20.81
home removal company,1,10052,0.01%,46.46
moving service,1,9783,0.01%,23.7
removal companies london,1,9251,0.01%,64.93
removal company london,1,8829,0.01%,53.01
international removals uk,1,8025,0.01%,25.04
removals company london,1,6905,0.01%,71.41
commercial relocation,1,6491,0.02%,25.41
home moving services,1,6470,0.02%,22.77
packing and moving services,1,5832,0.02%,53.16
international moving companies uk,1,5474,0.02%,23.34
removals to france,1,5460,0.02%,76.71
furniture removal companies,1,4983,0.02%,24.5
moving services near me,1,4936,0.02%,29.68
moving agency,1,4860,0.02%,22.22
international relocation companies,1,4681,0.02%,31.13
removal firms,1,4534,0.02%,36.11
international removals london,1,4458,0.02%,21.49
removal service,1,4198,0.02%,31.26
moving help,1,4113,0.02%,18.61
furniture moving company,1,4044,0.02%,19.14
removals to europe,1,4035,0.02%,37.32
moving service london,1,3936,0.03%,34.29
home moving companies near me,1,3895,0.03%,33.5
removal,1,3881,0.03%,27.92
international moving companies london,1,3704,0.03%,22.76
relocation services uk,1,3521,0.03%,48.85
uk removals company,1,3508,0.03%,21.64
london moving service,1,3329,0.03%,38.4
chelsea removals,1,3197,0.03%,39.29
london removal companies,1,3185,0.03%,55.58
removals notting hill,1,3121,0.03%,14.92
movers in london,1,3018,0.03%,29.6
moving storage london,1,3016,0.03%,30.36
move to pakistan,1,3011,0.03%,9.48
removals berkhamsted,1,2852,0.04%,16.58
museum movers,1,2832,0.04%,58.9
fine art removals,1,2719,0.04%,12.43
chandelier movers,1,2697,0.04%,45.6
antique removals,1,2659,0.04%,10.89
removal companies finchley,1,2652,0.04%,22.05
museum relocation,1,2617,0.04%,6.97
movers services,1,2611,0.04%,26.61
mover uk,1,2373,0.04%,17.92
removals radlett,1,2371,0.04%,11.48
removal services near me,1,2343,0.04%,51.35
removal companies for museums,1,2257,0.04%,5.78
relocating to cayman islands,1,2241,0.04%,18.4
storage potters bar,1,2238,0.04%,19.12
removals cambridgeshire,1,2159,0.05%,27.36
moving to kuwait,1,2068,0.05%,16.44
house removals uk,1,1950,0.05%,35.08
movers in london uk,1,1873,0.05%,23
house removals norwich,1,1803,0.06%,32.86
moving to qatar from uk,1,1800,0.06%,13.96
removal companies harpenden,1,1755,0.06%,18.08
moving from uk to sri lanka,1,1731,0.06%,7.54
art moving company,1,1707,0.06%,16.13
removals to mauritius from uk,1,1672,0.06%,5.12
moving company europe,1,1662,0.06%,45.47
removals companies london,1,1642,0.06%,83.93
moving companies for overseas,1,1639,0.06%,25.73
moving from uk to pakistan,1,1625,0.06%,5.46
moving from uk to kuwait,1,1618,0.06%,6.66
antique furniture removals,1,1618,0.06%,6.76
kensington removals,1,1568,0.06%,24.76
moving from uk to fiji,1,1559,0.06%,6
moving in london,1,1536,0.07%,29.84
european removal services,1,1535,0.07%,23.57
house removals bury st edmunds,1,1528,0.07%,17.11
moving from uk to taiwan,1,1466,0.07%,8.94
moving uk,1,1450,0.07%,18.67
moving to mauritius,1,1412,0.07%,27.68
removals bayswater,1,1365,0.07%,14.21
art removals,1,1249,0.08%,20.66
moving to tunisia,1,1240,0.08%,13.89
how to move to pakistan,1,1225,0.08%,12.42
shipping to fiji from uk,1,1213,0.08%,23
international removals norwich,1,1203,0.08%,22.64
how to move to jordan,1,1189,0.08%,11.34
local removal companies,1,1157,0.09%,34.6
harpenden removals,1,1140,0.09%,25.28
home moving services london,1,1135,0.09%,24.58
move to jamaica,1,1131,0.09%,14.09
removal company mauritius,1,1124,0.09%,11.64
house removals ely,1,1120,0.09%,12.45
uk international removals,1,1118,0.09%,23.52
moving to zimbabwe,1,1098,0.09%,15.01
moving from uk to qatar,1,1098,0.09%,17.17
international removals companies,1,1071,0.09%,23.61
moving to nigeria,1,1042,0.1%,14.67
removal companies tring,1,1027,0.1%,9.37
norfolk removals,1,1018,0.1%,15.41
moving to st lucia,1,1014,0.1%,27.4
packing service,1,1004,0.1%,24.72
moving to spain,1,996,0.1%,23.25
moving company and storage,1,993,0.1%,29.83
removal company usa,1,988,0.1%,32.76
removal company uk to malta,1,976,0.1%,33.24
removals in westminster,1,973,0.1%,8.52
moving companies norwich,1,966,0.1%,23.08
home removal,1,938,0.11%,44.61
removals company rickmansworth,1,924,0.11%,23.71
international moving company uk,1,918,0.11%,18.08
move to british virgin islands,1,885,0.11%,21.88
movers and packers london,1,874,0.11%,76.34
hertfordshire removals,1,869,0.12%,35.81
london mover,1,867,0.12%,40.33
moving company norwich,1,850,0.12%,13.41
removals firms,1,814,0.12%,32.54
how to move to nigeria,1,810,0.12%,14.85
how to move to jamaica,1,807,0.12%,12.96
concierge moving services,1,806,0.12%,7.12
international movers near me,1,805,0.12%,26.69
container uk to nz,1,786,0.13%,27.91
bespoke removals,1,780,0.13%,17.21
removal companies suffolk,1,779,0.13%,30.91
storage collection and delivery london,1,776,0.13%,44.31
antiques storage,1,764,0.13%,27.8
moving concierge services,1,754,0.13%,7.05
westminster moving company,1,730,0.14%,10.01
move to vietnam from uk,1,727,0.14%,8.11
bar removal companies,1,727,0.14%,37.15
uk international moving companies,1,703,0.14%,18.56
european relocation services,1,692,0.14%,13.65
how to move to bahrain,1,657,0.15%,15.23
house removals huntingdon,1,645,0.16%,12.11
how do i move to jamaica,1,628,0.16%,11.5
removals company bury st edmunds,1,628,0.16%,12.84
moving to mauritius from uk,1,626,0.16%,7.95
removal companies westminster,1,623,0.16%,11.39
removals company brandon,1,622,0.16%,2.68
moving company cambridge,1,616,0.16%,29.83
movers norwich,1,606,0.17%,27.28
removal companies in huntingdon,1,591,0.17%,11.81
moving office services,1,591,0.17%,36.1
collection storage,1,581,0.17%,53.08
relocation companies in the uk,1,581,0.17%,61.12
move to dominican republic,1,564,0.18%,13.21
how to move to kuwait,1,560,0.18%,11.12
removals to sydney,1,554,0.18%,79.17
norfolk removal company,1,552,0.18%,11.83
removals company huntingdon,1,550,0.18%,11.97
home shifting services,1,539,0.19%,11.45
full service moving,1,531,0.19%,27.14
can i move to dominican republic,1,525,0.19%,9.38
commercial relocation uk,1,517,0.19%,17.3
move to zimbabwe,1,484,0.21%,17.63
furniture packing services,1,477,0.21%,18.52
movers and packers uk,1,475,0.21%,24.81
removal companies lakenheath,1,474,0.21%,4.32
movers,1,463,0.22%,37.24
relocation agents london,1,462,0.22%,75.72
removals companies uk,1,460,0.22%,21.29
best removal companies london,1,459,0.22%,90.64
mayfair moving company,1,453,0.22%,6.68
removal company bury st edmunds,1,453,0.22%,13.87
luggage transfer service,1,449,0.22%,41.03
relocation agents uk,1,447,0.22%,81.39
specialist storage,1,430,0.23%,9.37
moving and packing service,1,430,0.23%,32.22
help with moving,1,430,0.23%,39.67
international removal companies near me,1,415,0.24%,21.25
move to uruguay,1,410,0.24%,28.47
moving house help,1,410,0.24%,35.23
movers norfolk,1,392,0.26%,25.33
removal company huntingdon,1,388,0.26%,12.1
removal firms bury st edmunds,1,386,0.26%,14.46
how to move to qatar from uk,1,383,0.26%,10.69
packing services london,1,381,0.26%,53.73
bespoke ff&e,1,378,0.26%,6.21
finchley removals,1,374,0.27%,45.54
how to move to st lucia,1,373,0.27%,22.84
moving to seychelles,1,372,0.27%,10.03
moving company bayswater,1,342,0.29%,16.8
how to move to vietnam,1,340,0.29%,20.44
investors in people uk,1,330,0.3%,39.62
moving to peru,1,325,0.31%,20.93
moving to hawaii from europe,1,320,0.31%,19.93
can i move to russia from uk,1,317,0.32%,11.14
moving company westminster,1,311,0.32%,13.74
commercial removal services,1,308,0.32%,26.01
art storage london,1,295,0.34%,23.09
luxury removal companies,1,287,0.35%,14.18
removal firms in norfolk,1,278,0.36%,30.17
removal firms ely,1,275,0.36%,15.32
can i move to vietnam from uk,1,272,0.37%,9.12
can i move to british virgin islands from uk,1,269,0.37%,7.35
house removals kings lynn,1,269,0.37%,26.58
advance cargo declaration,1,264,0.38%,66.64
local removals company,1,257,0.39%,36.55
art collection storage,1,253,0.4%,17.29
house moving company,1,247,0.4%,36.36
grandfather clock moving,1,245,0.41%,29.92
home removal companies london,1,243,0.41%,54.02
antique movers,1,238,0.42%,18.59
moving to egypt from uk,1,234,0.43%,9.2
moving to south korea from uk,1,233,0.43%,12.69
removals thetford,1,226,0.44%,53.17
fidi stands for,1,223,0.45%,4.16
furniture moving london,1,222,0.45%,38.82
move to spain,1,215,0.47%,14.82
moving services cambridge,1,214,0.47%,19.07
removal companies near cambridge,1,214,0.47%,39.23
art storage uk,1,214,0.47%,86.38
moving companies norfolk,1,197,0.51%,14.83
move to mauritius from uk,1,191,0.52%,6.55
moving concierge service,1,189,0.53%,8.53
potters bar removal companies,1,177,0.56%,2.58
luggage shifting services,1,176,0.57%,7.12
angus gunn partner,1,165,0.61%,10.77
removal companies in norfolk,1,158,0.63%,18.65
how to move to philippines from uk,1,156,0.64%,7.51
how to relocate to the bahamas,1,156,0.64%,51.72
zimbabwe diplomat vehicle re-export,1,152,0.66%,3.1
02072275500,1,152,0.66%,10.47
removals business,1,152,0.66%,26.54
what is fidi,1,144,0.69%,9.12
move to iran,1,139,0.72%,9.21
home removals in london,1,138,0.72%,46.25
potters bar moving company,1,135,0.74%,4.97
home setup services,1,135,0.74%,10.28
movers near me,1,134,0.75%,42.57
move to bahrain,1,127,0.79%,10.76
international moving companies usa to uk,1,123,0.81%,68.11
house move helpers,1,121,0.83%,8.55
investment in people,1,120,0.83%,35.45
removals firms near me,1,120,0.83%,43.07
removal companies felixstowe,1,119,0.84%,19.82
how to move to hawaii,1,118,0.85%,13.95
house removal uk,1,117,0.85%,30.97
luggage delivery services,1,116,0.86%,31.22
moving to kuwait from uk,1,115,0.87%,7.16
is vietnam bigger than uk,1,113,0.88%,1.15
norfolk moving company,1,108,0.93%,13.48
can i move to the british virgin islands,1,105,0.95%,6.53
transporting grandfather clocks,1,102,0.98%,38.37
how to move to iran,1,101,0.99%,7.57
moving service near me,1,101,0.99%,19.29
relocating to israel,1,100,1%,81.48
house movers near me,1,99,1.01%,49.28
moving to saint lucia,1,96,1.04%,23.61
relocating to bahamas,1,96,1.04%,44.68
relocating to jamaica,1,90,1.11%,6.8
removal norwich,1,90,1.11%,18.1
moving company with packing service,1,85,1.18%,12.11
clock removal,1,78,1.28%,20.41
moving to bvi from uk,1,75,1.33%,5.68
premium relocation services,1,74,1.35%,14.24
business moving companies,1,74,1.35%,22.03
moving artwork,1,73,1.37%,32.27
move a grandfather clock,1,70,1.43%,20.9
requirements for returning residents to zimbabwe,1,69,1.45%,7.33
house moving service uk,1,69,1.45%,24.12
relocating to the bahamas,1,68,1.47%,24.66
antiques movers,1,68,1.47%,24.94
times of oman,1,66,1.52%,4.68
international removals company uk,1,66,1.52%,16.76
shipping delays from china,1,64,1.56%,14.34
international move insurance,1,64,1.56%,33.22
moveprotect,1,63,1.59%,8.41
move protect insurance,1,62,1.61%,8.29
fidi global alliance,1,62,1.61%,10.48
home removal company london,1,60,1.67%,36.08
storage services uk,1,60,1.67%,59.05
how to move a grandmother clock,1,59,1.69%,8.31
suffolk moving companies,1,59,1.69%,22.03
can i move to israel,1,59,1.69%,23.58
how to transport a grandfather clock in a car,1,58,1.72%,6.5
how can i move to spain from uk,1,52,1.92%,1.69
help with moving home,1,50,2%,23.78
best way to move a grandfather clock,1,48,2.08%,26.52
able moving and storage,1,46,2.17%,5.65
moving to the seychelles,1,46,2.17%,9.5
fidi contracting,1,45,2.22%,4.76
emigrating to kenya,1,45,2.22%,15.49
antique furniture movers,1,45,2.22%,24.76
moving to british virgin islands from uk,1,44,2.27%,4.91
able storage,1,44,2.27%,7.59
scroxton architects,1,43,2.33%,9.67
movers brandon,1,42,2.38%,4.4
returning resident zimbabwe car requirements,1,41,2.44%,2.54
norfolk movers,1,41,2.44%,21.41
moving to winnipeg,1,39,2.56%,12.67
moving works of art in a gallery,1,38,2.63%,7.08
how big is indonesia compared to uk,1,37,2.7%,1.03
assistance moving,1,36,2.78%,11.53
moving house assistance,1,36,2.78%,11.53
grandfather clock moving company,1,36,2.78%,11.94
is halifax in canada,1,35,2.86%,3.43
uk wide removal companies,1,35,2.86%,6.8
moving antiques,1,35,2.86%,10.94
living in bermuda from uk,1,35,2.86%,15.86
home movers in london,1,35,2.86%,48.23
relocation assistant,1,33,3.03%,8
moving faqs,1,33,3.03%,12
nafwr,1,32,3.12%,6
moving back to pakistan,1,31,3.23%,10.45
moving companies in usa,1,31,3.23%,55.74
spanish removal companies,1,31,3.23%,73
relocations international,1,29,3.45%,22.76
sandringham flower show 2025,1,28,3.57%,1.75
movers and packers near me,1,28,3.57%,34.82
car storage isle of man,1,27,3.7%,12.41
able removers reviews,1,26,3.85%,7.92
fidi view,1,26,3.85%,13.38
moving house companies near me,1,26,3.85%,27.46
things to know before moving to spain,1,25,4%,10.6
private moving companies,1,25,4%,12.8
removal luggage,1,24,4.17%,11.21
how big is austria compared to the uk,1,23,4.35%,1
grandfather clock mover,1,23,4.35%,49.48
house removal near me,1,23,4.35%,62.61
is austria bigger than england,1,22,4.55%,1.18
high end moving company,1,22,4.55%,3.32
how to.move a grandfather clock,1,22,4.55%,3.82
emigrate to fiji,1,22,4.55%,9.59
packing movers,1,22,4.55%,9.59
professional clock movers near me,1,22,4.55%,20.5
luxury moving companies,1,22,4.55%,33.36
moving hawaii,1,21,4.76%,11.81
international relocation shipping services,1,21,4.76%,12.9
oman country,1,20,5%,3.35
white glove removals london,1,20,5%,13.9
oman customs prohibited items,1,19,5.26%,3.74
grandfather clock moving service near me,1,19,5.26%,10.26
vietnam vs uk size,1,18,5.56%,1.94
size of trinidad and tobago,1,18,5.56%,2.78
uruguay,1,18,5.56%,4.33
abbels,1,18,5.56%,6.94
emigrating to israel from uk,1,18,5.56%,9.67
royal moving company,1,18,5.56%,10.56
grandfather clock shipping service,1,18,5.56%,11
helping people move,1,18,5.56%,28.72
abel international,1,17,5.88%,4.41
abel house removers,1,17,5.88%,11.06
bishops move ely,1,17,5.88%,35.59
removals companies norfolk,1,16,6.25%,18.88
removals and storage near me,1,16,6.25%,34.31
is israel bigger than scotland,1,15,6.67%,1.4
how to move a grandfather clock from one house to another,1,15,6.67%,4.47
house moving helpers,1,15,6.67%,6.6
abels team,1,15,6.67%,7.67
how much does it cost to ship a grandfather clock,1,15,6.67%,12.53
help moving home,1,15,6.67%,20.07
people to help you move,1,14,7.14%,5.21
yes,1,14,7.14%,10.29
move israel,1,14,7.14%,15.21
relocation helper,1,13,7.69%,12.69
moving companies brandon,1,12,8.33%,4.42
how to immigrate to spain from uk,1,11,9.09%,1
companies in brandon,1,11,9.09%,3.27
house removals felixstowe,1,11,9.09%,10
hire movers,1,10,10%,27.1
khasab,1,9,11.11%,3.11
canada port congestion,1,9,11.11%,15.67
оман,1,8,12.5%,4.12
companies near me,1,8,12.5%,11.75
grandaughter clock,1,7,14.29%,2
john guilford,1,7,14.29%,7.86
moving company in london uk,1,7,14.29%,15.29
geography of japan,1,6,16.67%,1
relocate to kenya,1,6,16.67%,11.83
movers and packers cambridge,1,6,16.67%,33.17
furniture removal near me,1,5,20%,1.8
oman customs rules,1,5,20%,1.8
international.moving company,1,5,20%,10.2
abels removal,1,4,25%,1
faim format,1,4,25%,1.5
abel self storage,1,4,25%,2.75
can you transport a grandfather clock laying down,1,4,25%,3
qatar relocation guide,1,4,25%,3.75
move furniture,1,4,25%,4.25
car storage jamaica,1,4,25%,8.75
moving people near me,1,4,25%,11.5
mexicorelocationguide,1,4,25%,30.25
moving chandelier location,1,4,25%,35.25
tony abel,1,3,33.33%,8.33
do removal companies provide boxes,1,3,33.33%,19.67
antique furniture moving company,1,2,50%,1.5
haulage companies near me,1,2,50%,2
things that are banned in iran,1,2,50%,2.5
abel transport,1,2,50%,3.5
how to move a grandfather clock laying down,1,2,50%,4
safe movers near me,1,2,50%,4
zimbabwe impounded cars handover,1,2,50%,4.5
abel move,1,2,50%,5
personal baggage scheme pakistan,1,2,50%,15
how to move to switzerland,1,2,50%,31
personal international relocation services,1,2,50%,43
brandon suffolk,1,1,100%,1
moving companies that also transport cars,1,1,100%,1
short term,1,1,100%,1
6000 pkr to gbp,1,1,100%,2
can grandfather clocks be laid down,1,1,100%,2
ems shipping,1,1,100%,2
ipswich removals,1,1,100%,2
where is shenzhen sorting centre,1,1,100%,2
wine movers,1,1,100%,2
cuffley village,1,1,100%,3
dubailand residence complex,1,1,100%,3
oman government buys salamair,1,1,100%,3
yes compare quotes,1,1,100%,3
zimra taxes on zimbabwe transportation,1,1,100%,5
big companies near me,1,1,100%,6
weather al suwayq,1,1,100%,7
professional packing solutions,1,1,100%,12
same day removals,1,1,100%,13
removals harlow,1,1,100%,125
removal services,0,16532,0%,30.62
home removals,0,14285,0%,57.8
removals to canada,0,11728,0%,54.84
overseas removals,0,11577,0%,30.96
removals service,0,11172,0%,27.67
removals to new zealand,0,11067,0%,70.23
removals to switzerland,0,10223,0%,76.3
removals to malta,0,10117,0%,24.66
removals hampstead,0,10084,0%,13.06
short term storage,0,10043,0%,48.09
removals fulham,0,9680,0%,59.43
business removals,0,9625,0%,26.68
removals chelsea,0,9354,0%,32.86
european removals,0,9216,0%,44.88
removals to sweden,0,8853,0%,51.24
international moving services,0,8845,0%,16.77
removals to singapore,0,8504,0%,36.44
uk removals,0,8351,0%,23.83
removals to south africa,0,8301,0%,78.98
removals finchley,0,8134,0%,24.31
international removals company,0,8011,0%,28.74
business relocation services,0,7663,0%,21.09
commercial removals,0,7662,0%,65.65
removals to cyprus,0,7436,0%,59.9
international moving,0,7275,0%,23.08
international removals uk to canada,0,7200,0%,51.98
international movers,0,7176,0%,47.56
commercial moving,0,6922,0%,25.22
commercial moving company,0,6907,0%,27.86
international removals uk to dubai,0,6895,0%,61.5
london removal company,0,6842,0%,51.27
removals cheshunt,0,6571,0%,25.51
home removal companies,0,6571,0%,54.17
removals highgate,0,6538,0%,7.91
international removal company,0,6484,0%,27.66
storage and moving solutions london,0,6395,0%,8.06
international removals uk to usa,0,6371,0%,71.91
london removals,0,6102,0%,59.24
moving house company,0,6088,0%,47.18
removals to monaco,0,5978,0%,21.39
home moving services near me,0,5971,0%,29.59
removals to malaysia,0,5937,0%,25.33
removal company in london,0,5478,0%,53.54
moving packing services,0,5476,0%,32.51
removal services london,0,5462,0%,62.83
moving and storage services,0,5410,0%,46.02
removals uk to spain,0,5396,0%,62.33
removal companies to spain,0,5304,0%,66.58
moving and storage services with inventory london,0,5298,0%,7.94
furniture storage during moving london,0,5234,0%,11.49
international removal,0,5196,0%,35.23
overseas moving,0,5152,0%,27.72
removals to thailand,0,5140,0%,38.58
removals to panama,0,5069,0%,13.11
removals westminster,0,5064,0%,13.91
removals to italy,0,5024,0%,88.08
removals harpenden,0,4979,0%,24.73
removals to japan,0,4869,0%,37.34
removals to netherlands,0,4865,0%,77.78
packing services,0,4817,0%,35.12
removals to austria,0,4735,0%,30.59
removals to india,0,4639,0%,61.94
business relocation,0,4622,0%,27.69
relocation services,0,4604,0%,30.71
removal company hampstead,0,4433,0%,11.02
office relocation specialists,0,4360,0%,49.18
international relocation company,0,4341,0%,38.89
removals to uae,0,4329,0%,76.84
removals to holland,0,4220,0%,87.92
moving house service,0,4169,0%,42.87
removals in chelsea,0,4125,0%,27.3
professional packing services,0,4107,0%,35.8
moving in services,0,4093,0%,20.51
storage and delivery services london,0,4088,0%,13.06
removals to spain from uk,0,4072,0%,62.75
removals cambridge,0,4064,0%,35.29
uk moving companies,0,4055,0%,19.97
overseas moving company,0,3983,0%,29.41
removals to dubai,0,3968,0%,77.04
uk to spain removals,0,3949,0%,57.16
removal company kensington,0,3938,0%,12.56
removals in st james's,0,3930,0%,3.93
commercial moving companies,0,3923,0%,24.4
international removals to new zealand,0,3911,0%,64.13
removals to brazil,0,3908,0%,50.2
moving agency london,0,3880,0%,21.98
moving to netherlands from uk,0,3861,0%,42.86
international movers uk,0,3855,0%,31.78
moving house services,0,3854,0%,37.23
removals to uk,0,3793,0%,29.23
removals knightsbridge,0,3768,0%,12.81
house removals company,0,3764,0%,64.28
removal companies in london,0,3761,0%,61.59
furniture storage london,0,3757,0%,18.52
international removals new zealand,0,3745,0%,77.58
removals to denmark,0,3739,0%,80.72
removals to mexico,0,3724,0%,18.68
house removal london,0,3716,0%,69.06
moving from uk to netherlands,0,3702,0%,30.4
spain removals,0,3691,0%,71.45
cheshunt,0,3651,0%,3.66
international removals dubai,0,3649,0%,67.52
international removals uk to new zealand,0,3642,0%,51.11
vehicle storage solutions,0,3630,0%,34.28
removals uk to netherlands,0,3629,0%,64.43
moving to amsterdam from uk,0,3613,0%,40.16
international relocation moving companies,0,3606,0%,23.16
removals to luxembourg,0,3597,0%,37.56
removal companies kensington,0,3588,0%,15.05
home moving companies,0,3549,0%,31.06
house removals chelsea,0,3546,0%,21.42
fulham removals,0,3515,0%,66.7
storage removals london,0,3490,0%,61.33
removals to china,0,3486,0%,41.11
commercial moves,0,3478,0%,41.03
removals uk to south africa,0,3475,0%,73.22
company removals,0,3474,0%,24.75
international removals uk to netherlands,0,3392,0%,69.95
london moving companies,0,3389,0%,40
moving to the cayman islands,0,3372,0%,23.41
international removals to singapore,0,3294,0%,42.69
london removals storage,0,3290,0%,65.7
corporate moving,0,3289,0%,41.62
international removal companies uk,0,3271,0%,32.36
removals abroad,0,3266,0%,22.46
european removal company,0,3259,0%,34.56
international movers and packers,0,3258,0%,35.18
moving to south africa from uk,0,3245,0%,38.08
moving and storage companies,0,3215,0%,52.73
fine art moving,0,3205,0%,33.06
international removals services,0,3201,0%,23.57
international removals uk to brazil,0,3201,0%,35.22
luggage delivery service uk,0,3200,0%,36.45
international home moving companies,0,3164,0%,32.82
moving home london,0,3146,0%,30.42
london removals london,0,3143,0%,45.67
removals company chelsea,0,3121,0%,17.55
professional collection and storage london,0,3115,0%,9.58
removals company finchley,0,3067,0%,14.12
moving to south africa,0,3065,0%,41.01
packing and moving companies,0,3062,0%,47.57
removals north finchley,0,3060,0%,11.09
uk removal company,0,3059,0%,20.81
moving firms london,0,3048,0%,24.68
company moving companies,0,3039,0%,24.56
movers to spain,0,3034,0%,41.21
removals to vietnam,0,3022,0%,12.91
company moving,0,3021,0%,28.29
removal to spain,0,3021,0%,71.64
removals to peru,0,3007,0%,12.21
removal company fulham,0,2980,0%,43.46
removals insurance,0,2959,0%,55.09
relocation company,0,2945,0%,40.65
storage during relocation london,0,2941,0%,8.91
moving house companies,0,2910,0%,43.17
european removal companies,0,2905,0%,26.6
removals london uk,0,2903,0%,58.84
moving and storage with delivery london,0,2891,0%,13.49
removals to bahrain,0,2890,0%,24.71
commercial moving services,0,2885,0%,30.39
removals in london,0,2875,0%,76.67
removals in finchley,0,2867,0%,20.59
international removals to canada,0,2846,0%,61.93
removal to spain from uk,0,2845,0%,62.09
house removal companies,0,2843,0%,41.94
removals to finland,0,2839,0%,39.86
moving house storage solutions,0,2832,0%,59.05
hawaii,0,2805,0%,1.12
international removals uk to malta,0,2804,0%,35.39
furniture moving companies,0,2800,0%,17.64
cambridge removals,0,2794,0%,40.24
moving to bangladesh,0,2786,0%,8.99
storage services london,0,2782,0%,37.45
home removal service,0,2772,0%,46.5
international removals to qatar,0,2763,0%,27.44
business relocations,0,2755,0%,22.09
storage harpenden,0,2728,0%,28.08
moving co,0,2724,0%,25.64
house removals to vietnam,0,2719,0%,10.21
furniture movers company,0,2719,0%,20.21
moving to sri lanka,0,2705,0%,13.59
london movers,0,2705,0%,53.71
removal london,0,2705,0%,70.85
overseas removal companies,0,2704,0%,23.43
international removal services,0,2686,0%,20.89
removal companies hertfordshire,0,2686,0%,36.54
removals to america,0,2680,0%,80.29
move to bangladesh,0,2675,0%,8.76
removals to chile,0,2674,0%,27.08
removal firm,0,2671,0%,29.88
residential moving services,0,2658,0%,19.71
moving netherlands,0,2639,0%,53.5
furniture removals,0,2632,0%,22.03
international removals to vietnam,0,2630,0%,17.01
removals to canada from uk,0,2626,0%,40.87
international relocation movers,0,2610,0%,26.42
removals uk to amsterdam,0,2606,0%,71.47
international removal quotes,0,2603,0%,72.76
removals to switzerland from uk,0,2601,0%,63.97
removals hertfordshire,0,2589,0%,47.61
moving removals,0,2576,0%,22.82
moving storage services,0,2574,0%,25.08
household removals,0,2550,0%,40.37
removal company hertfordshire,0,2529,0%,41.51
removals company cheshunt,0,2527,0%,15.36
home removals london,0,2507,0%,53.68
removals to saudi arabia,0,2495,0%,73.48
movers moving company,0,2488,0%,29.6
removals to new zealand from uk,0,2481,0%,67.14
corporate removals,0,2480,0%,26.21
international removals uk to belgium,0,2479,0%,77.74
removal firms london,0,2472,0%,58.89
removals to belgium,0,2470,0%,78.62
moving from the uk to the netherlands,0,2463,0%,27.25
storage cheshunt,0,2462,0%,42.63
furniture removals to vietnam,0,2445,0%,13.67
removals from uk to spain,0,2445,0%,59.3
furniture removals london,0,2439,0%,54.86
business moving companies near me,0,2430,0%,25.8
worldwide relocation services,0,2428,0%,31.99
household moving services,0,2423,0%,22.75
international removals uk to china,0,2416,0%,41.55
removals hertford,0,2415,0%,87.09
furniture removalists,0,2395,0%,29.93
removals to costa rica,0,2394,0%,8.19
moving from uk to holland,0,2390,0%,29.46
move from uk to netherlands,0,2390,0%,35.75
moving from uk to amsterdam,0,2386,0%,39.09
european moving company,0,2371,0%,37.31
moving and storage london,0,2369,0%,43.56
removal and storage company london,0,2365,0%,70.9
international removals uk to south africa,0,2362,0%,67.42
removals to kuwait,0,2356,0%,21.55
removals to indonesia,0,2352,0%,20.88
removals from london,0,2352,0%,62.31
removals uk to usa,0,2343,0%,77.53
removals in fulham,0,2340,0%,36.71
international removals uk to cyprus,0,2338,0%,48.24
shipping to fiji,0,2328,0%,19.38
overseas relocation services,0,2322,0%,40.77
overseas moving companies uk,0,2321,0%,18.04
art moving,0,2313,0%,19.87
european moving,0,2312,0%,34.09
commercial relocations,0,2310,0%,41.72
international removals uk to spain,0,2277,0%,64.79
removal company westminster,0,2276,0%,10.21
european removals company,0,2271,0%,31.92
moving to fiji,0,2269,0%,11.71
removal to south korea,0,2268,0%,23.48
international removals to cyprus,0,2266,0%,50.16
removals to madrid,0,2265,0%,83.77
shipping furniture to new zealand,0,2260,0%,32.34
removal companies cambridge,0,2257,0%,34.51
overseas removal company,0,2254,0%,24.09
international removalists,0,2236,0%,37.39
international removals to france,0,2231,0%,74.63
removal company harpenden,0,2226,0%,22.24
removal companies hampstead,0,2221,0%,10.53
furniture warehousing,0,2218,0%,39.04
moving services international,0,2209,0%,19.73
relocating to amsterdam from uk,0,2205,0%,46.26
commercial removal companies,0,2195,0%,41.49
home moving service,0,2192,0%,19.16
service removal,0,2190,0%,28.61
storage and delivery solutions london,0,2183,0%,10.79
house removals cheshunt,0,2173,0%,29.67
removals cromer,0,2162,0%,13.68
furniture removals kensington,0,2159,0%,13.6
fine art moving company,0,2150,0%,33.85
international removals canada,0,2131,0%,61.9
move service,0,2130,0%,44.46
international moving expert,0,2120,0%,25.55
moving to singapore from uk,0,2117,0%,47.81
move it relocation services,0,2117,0%,57.89
removals to the netherlands,0,2113,0%,73.14
removals to south korea from uk,0,2112,0%,20.37
london removals company,0,2111,0%,67.01
removalist services,0,2109,0%,21.93
moving home companies,0,2109,0%,37.3
home removals company,0,2106,0%,81.49
movers and moving services,0,2105,0%,21.77
moving storage,0,2104,0%,30.95
international removals to dubai,0,2101,0%,66.12
international removals uk to qatar,0,2098,0%,24.87
move to fiji,0,2087,0%,10.39
home moving company,0,2086,0%,36.8
removals to argentina,0,2085,0%,33.06
international moving company london,0,2084,0%,20.37
professional movers,0,2077,0%,52.49
movers service,0,2069,0%,33.53
relocation companies uk,0,2063,0%,56.55
removal company uk to south korea,0,2060,0%,19.93
bermuda relocation,0,2048,0%,10.11