Top pages,Clicks,Impressions,CTR,Position
https://www.abels.co.uk/,5461,1476254,0.37%,41.31
https://www.abels.co.uk/?utm_source=google&utm_medium=organic&utm_campaign=googlebusiness&utm_term=ely,416,18951,2.2%,4.6
https://www.abels.co.uk/contact-us/,409,64345,0.64%,19.7
https://www.abels.co.uk/moving-home/moving-advice/how-to-move-grandfather-or-longcase-clocks/,347,18266,1.9%,14.16
https://www.abels.co.uk/wp-content/uploads/2025/05/Moving-to-Zimbabwe-from-the-UK-advice-and-information-Abels-Relocation-Guide.pdf,239,17916,1.33%,7.2
https://www.abels.co.uk/join-our-team/,220,2095,10.5%,9.35
https://www.abels.co.uk/moving-home/london-removals-company/,211,269869,0.08%,50
https://www.abels.co.uk/how-to-move-grandfather-or-longcase-clocks/,211,13306,1.59%,27.93
https://www.abels.co.uk/london-removals-company/?utm_source=google&utm_medium=organic&utm_campaign=googlebusiness&utm_term=brandon,186,4978,3.74%,5.44
https://www.abels.co.uk/about-us/royal-warrant-holders/,162,17059,0.95%,13.41
https://www.abels.co.uk/moving-home/personal-assistant-services-when-moving-home/,132,38811,0.34%,29.14
https://www.abels.co.uk/about-us/,129,40884,0.32%,7.79
https://www.abels.co.uk/?utm_source=google&utm_medium=organic&utm_campaign=googlebusiness&utm_term=potters-bar,118,12589,0.94%,3.36
https://www.abels.co.uk/moving-abroad/international-removals-services/,114,397406,0.03%,33.88
https://www.abels.co.uk/norfolk-removals-company/norwich/,113,43299,0.26%,20.14
https://www.abels.co.uk/london-removals-company/,110,185040,0.06%,42.84
https://www.abels.co.uk/moving-home/norfolk-removals-company/norwich/,107,53437,0.2%,27.97
https://www.abels.co.uk/about-us/our-heritage/,105,17709,0.59%,18.54
https://www.abels.co.uk/moving-home/fine-art-and-antiques-removals/,102,36810,0.28%,24.6
https://www.abels.co.uk/international-removals-services/,96,358474,0.03%,42.11
https://www.abels.co.uk/moving-home/hertfordshire-removals-company/potters-bar/,92,35297,0.26%,27.18
https://www.abels.co.uk/moving-home/suffolk-removals-company/,91,31703,0.29%,22.45
https://www.abels.co.uk/downloads/relo-guides/Moving-to-Zimbabwe-from-the-UK-advice-and-information-Abels-Relocation-Guide.pdf,90,6043,1.49%,18.13
https://www.abels.co.uk/removals-company-potters-bar/,86,37413,0.23%,50.17
https://www.abels.co.uk/country-guides/moving-to-the-bahamas/,80,8983,0.89%,18.95
https://www.abels.co.uk/storage-solutions/art-and-antique-storage/,75,37063,0.2%,31.98
https://www.abels.co.uk/london-removals-company/?utm_source=google&utm_medium=organic&utm_campaign=googlebusiness&utm_term=potters-bar,75,4302,1.74%,3.66
https://www.abels.co.uk/customer-reviews/,68,5671,1.2%,18.19
https://www.abels.co.uk/moving-to-new-zealand-importing-wooden-items/,67,3404,1.97%,15.69
https://www.abels.co.uk/country-guides/moving-to-hawaii/,63,13031,0.48%,9.14
https://www.abels.co.uk/downloads/relo-guides/Moving-to-Bermuda-from-the-UK-advice-and-information-Abels-Relocation-Guide.pdf,63,10650,0.59%,27.61
https://www.abels.co.uk/wp-content/uploads/2025/05/Moving-to-Pakistan-from-the-UK-advice-and-information-Abels-Relocation-Guide.pdf,61,18168,0.34%,13.22
https://www.abels.co.uk/wp-content/uploads/2025/05/Moving-to-Bermuda-from-the-UK-advice-and-information-Abels-Relocation-Guide.pdf,57,9335,0.61%,11.71
https://www.abels.co.uk/?utm_source=google&utm_medium=organic&utm_campaign=googlebusiness,57,6018,0.95%,4.34
https://www.abels.co.uk/moving-home/moving-home-concierge-service/,55,8486,0.65%,15.2
https://www.abels.co.uk/storage-solutions/vehicle-storage/,54,21297,0.25%,41.15
https://www.abels.co.uk/wp-content/uploads/2025/05/Moving-to-Oman-from-the-UK-advice-and-information-Abels-Relocation-Guide.pdf,54,12348,0.44%,7.54
https://www.abels.co.uk/storage-solutions/,53,29313,0.18%,28.64
https://www.abels.co.uk/moving-to-the-british-virgin-islands/,52,8746,0.59%,22.86
https://www.abels.co.uk/country-guides/moving-to-jamaica/,49,9643,0.51%,10.16
https://www.abels.co.uk/moving-to-hawaii/,49,5421,0.9%,18.42
https://www.abels.co.uk/moving-home/suffolk-removals-company/bury-st-edmunds/,48,17634,0.27%,22.38
https://www.abels.co.uk/moving-abroad/insurance/,47,17023,0.28%,35.34
https://www.abels.co.uk/moving-to-the-bahamas/,47,6591,0.71%,34.07
https://www.abels.co.uk/moving-advice/items-not-to-include-on-overseas-move/,47,2398,1.96%,46.03
https://www.abels.co.uk/about-us/our-charitable-work/,45,1362,3.3%,17.67
https://www.abels.co.uk/moving-to-the-cayman-islands/,42,14830,0.28%,26.33
https://www.abels.co.uk/wp-content/uploads/2025/05/Moving-to-South-Africa-from-the-UK-advice-and-information-Abels-Relocation-Guide.pdf,42,11395,0.37%,31.49
https://www.abels.co.uk/news/angus-gunn-move-in-safe-hands/,42,783,5.36%,4.66
https://www.abels.co.uk/country-guides/moving-to-mauritius/,40,24793,0.16%,10.36
https://www.abels.co.uk/country-guides/moving-to-antigua-and-barbuda/,40,7957,0.5%,30.81
https://www.abels.co.uk/moving-abroad/abels-luggage-delivery-service/,39,22034,0.18%,38.25
https://www.abels.co.uk/country-guides/moving-to-israel/,39,7635,0.51%,19.35
https://www.abels.co.uk/downloads/relo-guides/Moving-to-Pakistan-from-the-UK-advice-and-information-Abels-Relocation-Guide.pdf,38,17231,0.22%,23.97
https://www.abels.co.uk/moving-home/uk-home-removals/,37,30183,0.12%,17.82
https://www.abels.co.uk/how-to-move-a-chandelier/,37,8037,0.46%,39.15
https://www.abels.co.uk/moving-home/moving-advice/how-to-move-a-chandelier/,37,6042,0.61%,21.96
https://www.abels.co.uk/london-removals-company/?utm_source=google&utm_medium=organic&utm_campaign=googlebusiness,36,2400,1.5%,4.9
https://www.abels.co.uk/angus-gunn-move-in-safe-hands/,36,882,4.08%,11.23
https://www.abels.co.uk/moving-to-the-netherlands/,35,50043,0.07%,58.81
https://www.abels.co.uk/wp-content/uploads/2025/05/Moving-to-Jordan-from-the-UK-advice-and-information-Abels-Relocation-Guide.pdf,35,6995,0.5%,10.95
https://www.abels.co.uk/wp-content/uploads/2025/05/Moving-to-Uruguay-from-the-UK-advice-and-information-Abels-Relocation-Guide.pdf,35,6714,0.52%,11.79
https://www.abels.co.uk/moving-home/norfolk-removals-company/north-walsham/,35,3724,0.94%,15.3
https://www.abels.co.uk/country-guides/moving-to-malta/,34,21902,0.16%,28.3
https://www.abels.co.uk/country-guides/moving-to-st-lucia/,34,4351,0.78%,19.57
https://www.abels.co.uk/storage-solutions/london-storage/,33,131786,0.03%,32.39
https://www.abels.co.uk/suffolk-removals-company/bury-st-edmunds/,33,15455,0.21%,28.69
https://www.abels.co.uk/downloads/relo-guides/Moving-to-South-Africa-from-the-UK-advice-and-information-Abels-Relocation-Guide.pdf,33,13109,0.25%,55.22
https://www.abels.co.uk/wp-content/uploads/2025/05/Moving-to-Sri-Lanka-from-the-UK-advice-and-information-Abels-Relocation-Guide.pdf,33,12347,0.27%,13.82
https://www.abels.co.uk/commercial-moves/bespoke-ffe-services/,33,12329,0.27%,27.68
https://www.abels.co.uk/country-guides/moving-to-kenya/,33,7387,0.45%,8.05
https://www.abels.co.uk/moving-to-jamaica/,33,6233,0.53%,23.58
https://www.abels.co.uk/country-guides/moving-to-trinidad-and-tobago/,32,7354,0.44%,27.13
https://www.abels.co.uk/moving-home/professionally-trained-staff/,32,2055,1.56%,14.47
https://www.abels.co.uk/moving-home/cambridgeshire-removals-company/ely/,31,11371,0.27%,22.54
https://www.abels.co.uk/wp-content/uploads/2025/05/Moving-to-Nigeria-from-the-UK-advice-and-information-Abels-Relocation-Guide.pdf,31,3829,0.81%,13.79
https://www.abels.co.uk/country-guides/moving-to-bahrain/,30,6461,0.46%,14.31
https://www.abels.co.uk/wp-content/uploads/2025/05/Moving-to-Panama-from-the-UK-advice-and-information-Abels-Relocation-Guide.pdf,30,6136,0.49%,10.18
https://www.abels.co.uk/country-guides/moving-to-morocco/,30,6054,0.5%,14.14
https://www.abels.co.uk/wp-content/uploads/2025/05/Moving-to-Qatar-from-the-UK-advice-and-information-Abels-Relocation-Guide.pdf,29,6505,0.45%,35.16
https://www.abels.co.uk/moving-to-the-dominican-republic/,29,3151,0.92%,27.98
https://www.abels.co.uk/london-removals-company/?utm_source=google&utm_medium=organic&utm_campaign=googlebusiness&utm_term=ely,29,1169,2.48%,5.47
https://www.abels.co.uk/moving-abroad/european-removals/,28,95935,0.03%,37.51
https://www.abels.co.uk/moving-home/,28,52209,0.05%,21.3
https://www.abels.co.uk/moving-to-italy/,28,19513,0.14%,76.62
https://www.abels.co.uk/fidi-faim-what-do-they-mean/,28,12611,0.22%,9.05
https://www.abels.co.uk/cambridgeshire-removals-company/huntingdon/,28,12456,0.22%,21.83
https://www.abels.co.uk/moving-home/cambridgeshire-removals-company/huntingdon/,28,12318,0.23%,18.88
https://www.abels.co.uk/wp-content/uploads/2025/05/Moving-to-Iran-from-the-UK-advice-and-information-Abels-Relocation-Guide.pdf,26,10121,0.26%,7.08
https://www.abels.co.uk/cambridgeshire-removals-company/ely/,26,9812,0.26%,21.64
https://www.abels.co.uk/abels-referrals-scheme/,26,339,7.67%,12.5
https://www.abels.co.uk/country-guides/moving-to-russia/,25,6435,0.39%,20
https://www.abels.co.uk/terms-conditions-for-quotations-proposals-or-offers/,25,968,2.58%,12.89
https://www.abels.co.uk/moving-home/cambridgeshire-removals-company/,24,29065,0.08%,31.41
https://www.abels.co.uk/country-guides/moving-to-the-cayman-islands/,24,13485,0.18%,17.17
https://www.abels.co.uk/wp-content/uploads/2025/05/Moving-to-Syria-from-the-UK-advice-and-information-Abels-Relocation-Guide.pdf,24,5666,0.42%,10.32
https://www.abels.co.uk/international-removals-services/insurance/,23,15262,0.15%,48.45
https://www.abels.co.uk/suffolk-removals-company/,23,14268,0.16%,26.32
https://www.abels.co.uk/london-removals-company/knightsbridge/,23,12379,0.19%,43.14
https://www.abels.co.uk/country-guides/moving-to-the-netherlands/,22,34412,0.06%,50.78
https://www.abels.co.uk/abels-luggage-delivery-service/,22,17697,0.12%,39.2
https://www.abels.co.uk/moving-home/packing-services/,21,68616,0.03%,36.66
https://www.abels.co.uk/country-guides/moving-to-the-dominican-republic/,21,4337,0.48%,16.52
https://www.abels.co.uk/moving-home/video-survey/,21,4279,0.49%,35.31
https://www.abels.co.uk/moving-to-mauritius/,20,20725,0.1%,17.23
https://www.abels.co.uk/moving-home/norfolk-removals-company/,20,17876,0.11%,30.69
https://www.abels.co.uk/country-guides/moving-to-the-philippines/,20,14901,0.13%,16.5
https://www.abels.co.uk/downloads/relo-guides/Moving-to-Sri-Lanka-from-the-UK-advice-and-information-Abels-Relocation-Guide.pdf,20,11330,0.18%,27.09
https://www.abels.co.uk/investors-in-people-what-do-they-mean/,20,10908,0.18%,30.27
https://www.abels.co.uk/wp-content/uploads/2025/05/Moving-to-Colombia-from-the-UK-advice-and-information-Abels-Relocation-Guide.pdf,20,8215,0.24%,10.3
https://www.abels.co.uk/moving-to-antigua-and-barbuda/,20,5730,0.35%,48.66
https://www.abels.co.uk/moving-to-st-lucia/,20,4293,0.47%,42.28
https://www.abels.co.uk/downloads/relo-guides/Moving-to-Panama-from-the-UK-advice-and-information-Abels-Relocation-Guide.pdf,20,4080,0.49%,24.46
https://www.abels.co.uk/moving-home/suffolk-removals-company/beccles/,20,2361,0.85%,19.94
https://www.abels.co.uk/moving-to-morocco/,20,2156,0.93%,26.34
https://www.abels.co.uk/how-we-move-paintings/,19,24216,0.08%,36.18
https://www.abels.co.uk/moving-to-malta/,19,16934,0.11%,38.35
https://www.abels.co.uk/downloads/relo-guides/Moving-to-Uruguay-from-the-UK-advice-and-information-Abels-Relocation-Guide.pdf,19,3912,0.49%,47.65
https://www.abels.co.uk/about-us/our-partners/,19,915,2.08%,21.64
https://www.abels.co.uk/country-guides/moving-to-fiji/,18,29879,0.06%,12.16
https://www.abels.co.uk/moving-home/london-removals-company/knightsbridge/,18,15921,0.11%,31.54
https://www.abels.co.uk/wp-content/uploads/2025/05/Moving-to-Tunisia-from-the-UK-advice-and-information-Abels-Relocation-Guide.pdf,18,14202,0.13%,7.91
https://www.abels.co.uk/news/abels-opens-new-removals-and-storage-facility-in-potters-bar/,18,9449,0.19%,24.75
https://www.abels.co.uk/moving-to-trinidad-and-tobago/,18,8477,0.21%,42.16
https://www.abels.co.uk/how-we-move-pianos/,18,8184,0.22%,54.04
https://www.abels.co.uk/news/moving-used-cars-to-caribbean-and-south-america/,18,6288,0.29%,10.01
https://www.abels.co.uk/news/moving-to-spain-from-the-uk/,18,6170,0.29%,22.32
https://www.abels.co.uk/business-services/museum-and-art-gallery-removals/,18,6150,0.29%,23.03
https://www.abels.co.uk/wp-content/uploads/2025/05/Moving-to-UAE-from-the-UK-advice-and-information-Abels-Relocation-Guide.pdf,18,3934,0.46%,39.12
https://www.abels.co.uk/wp-content/uploads/2025/05/Moving-to-Morocco-from-the-UK-advice-and-information-Abels-Relocation-Guide.pdf,18,3609,0.5%,15.25
https://www.abels.co.uk/downloads/relo-guides/Moving-to-Jordan-from-the-UK-advice-and-information-Abels-Relocation-Guide.pdf,18,2343,0.77%,32.65
https://www.abels.co.uk/moving-abroad/,17,88847,0.02%,43.38
https://www.abels.co.uk/wp-content/uploads/2025/05/Moving-to-Venezuela-from-the-UK-advice-and-information-Abels-Relocation-Guide.pdf,17,14740,0.12%,10.08
https://www.abels.co.uk/moving-home/cambridgeshire-removals-company/cambridge/,16,19345,0.08%,38.53
https://www.abels.co.uk/downloads/relo-guides/Moving-to-Qatar-from-the-UK-advice-and-information-Abels-Relocation-Guide.pdf,16,13902,0.12%,40.21
https://www.abels.co.uk/country-guides/moving-to-italy/,16,8945,0.18%,68.71
https://www.abels.co.uk/downloads/relo-guides/Moving-to-Indonesia-from-the-UK-advice-and-information-Abels-Relocation-Guide.pdf,16,6850,0.23%,49.15
https://www.abels.co.uk/moving-to-israel/,16,3741,0.43%,50.86
https://www.abels.co.uk/downloads/relo-guides/Moving-to-Syria-from-the-UK-advice-and-information-Abels-Relocation-Guide.pdf,16,3226,0.5%,23.9
https://www.abels.co.uk/country-guides/moving-to-vietnam/,15,26227,0.06%,13.54
https://www.abels.co.uk/country-guides/moving-to-kuwait/,15,12898,0.12%,13.82
https://www.abels.co.uk/wp-content/uploads/2025/05/Moving-to-Vietnam-from-the-UK-advice-and-information-Abels-Relocation-Guide.pdf,15,11937,0.13%,19.03
https://www.abels.co.uk/commercial-moves/museum-and-art-gallery-removals/,15,10759,0.14%,23.1
https://www.abels.co.uk/moving-abroad/vehicle-transportation/,15,9255,0.16%,28.23
https://www.abels.co.uk/country-guides/moving-to-the-british-virgin-islands/,15,4677,0.32%,18.25
https://www.abels.co.uk/downloads/relo-guides/Moving-to-Morocco-from-the-UK-advice-and-information-Abels-Relocation-Guide.pdf,15,3582,0.42%,25.18
https://www.abels.co.uk/norfolk-removals-company/north-walsham/,15,1915,0.78%,14.01
https://www.abels.co.uk/moving-home/suffolk-removals-company/framlingham/,15,443,3.39%,29.94
https://www.abels.co.uk/cambridgeshire-removals-company/,14,22837,0.06%,44.19
https://www.abels.co.uk/wp-content/uploads/2025/05/Moving-to-Bangladesh-from-the-UK-advice-and-information-Abels-Relocation-Guide.pdf,14,11791,0.12%,11.99
https://www.abels.co.uk/moving-home/moving-advice/how-we-move-pianos/,14,5498,0.25%,39.73
https://www.abels.co.uk/moving-to-kenya/,14,3115,0.45%,22.9
https://www.abels.co.uk/downloads/relo-guides/Moving-to-Nigeria-from-the-UK-advice-and-information-Abels-Relocation-Guide.pdf,14,2338,0.6%,21.28
https://www.abels.co.uk/moving-home/bespoke-moving-services/,13,35441,0.04%,20.2
https://www.abels.co.uk/moving-to-egypt/,13,23260,0.06%,22.58
https://www.abels.co.uk/country-guides/moving-to-qatar/,13,21788,0.06%,22.93
https://www.abels.co.uk/downloads/relo-guides/Moving-to-Vietnam-from-the-UK-advice-and-information-Abels-Relocation-Guide.pdf,13,13480,0.1%,31.63
https://www.abels.co.uk/hertfordshire-removals-company/potters-bar/,13,12646,0.1%,33.39
https://www.abels.co.uk/moving-home/moving-advice/how-we-move-paintings/,13,10426,0.12%,35.59
https://www.abels.co.uk/downloads/relo-guides/Moving-to-Mexico-from-the-UK-advice-and-information-Abels-Relocation-Guide.pdf,13,2044,0.64%,49.34
https://www.abels.co.uk/moving-faqs/,13,1928,0.67%,18.5
https://www.abels.co.uk/moving-home/norfolk-removals-company/aylsham/,13,654,1.99%,33.05
https://www.abels.co.uk/news/international-moving-sales-development/,13,227,5.73%,9.08
https://www.abels.co.uk/international-moving-sales-development/,13,166,7.83%,13.66
https://www.abels.co.uk/moving-home/london-removals-company/hampstead/,12,28871,0.04%,17.95
https://www.abels.co.uk/moving-to-fiji/,12,22390,0.05%,14.85
https://www.abels.co.uk/moving-to-monaco/,12,10149,0.12%,27.28
https://www.abels.co.uk/hertfordshire-removals-company/cuffley/,12,3847,0.31%,22.71
https://www.abels.co.uk/moving-to-the-seychelles/,12,2801,0.43%,50.59
https://www.abels.co.uk/abels-opens-new-removals-and-storage-facility-in-potters-bar/,12,2327,0.52%,19.09
https://www.abels.co.uk/country-guides/moving-to-the-seychelles/,12,1513,0.79%,18.57
https://www.abels.co.uk/downloads/relo-guides/Moving-to-Iran-from-the-UK-advice-and-information-Abels-Relocation-Guide.pdf,12,1275,0.94%,30.37
https://www.abels.co.uk/country-guides/moving-to-malaysia/,11,15903,0.07%,25.26
https://www.abels.co.uk/country-guides/moving-to-mexico/,11,7733,0.14%,23.25
https://www.abels.co.uk/downloads/relo-guides/Moving-to-Colombia-from-the-UK-advice-and-information-Abels-Relocation-Guide.pdf,11,3920,0.28%,44.87
https://www.abels.co.uk/moving-to-bahrain/,11,3793,0.29%,36.54
https://www.abels.co.uk/wp-content/uploads/2025/05/Moving-to-Mexico-from-the-UK-advice-and-information-Abels-Relocation-Guide.pdf,11,2258,0.49%,36.74
https://www.abels.co.uk/moving-home/hertfordshire-removals-company/tring/,11,2238,0.49%,19.43
https://www.abels.co.uk/congratulations-to-james-mehmet/,11,342,3.22%,7.32
https://www.abels.co.uk/news/abels-trucks-through-the-ages/,11,304,3.62%,16.38
https://www.abels.co.uk/news/sad-day-for-abels-as-company-founder-noel-d-abel-passes-away/,11,190,5.79%,7.75
https://www.abels.co.uk/moving-home/london-removals-company/westminster/,10,18759,0.05%,21.52
https://www.abels.co.uk/international-removals-services/vehicle-transportation/,10,13550,0.07%,39.46
https://www.abels.co.uk/business-services/bespoke-ffe-services/,10,9718,0.1%,48.69
https://www.abels.co.uk/norfolk-removals-company/,10,8738,0.11%,37.6
https://www.abels.co.uk/news/moving-to-dubai-from-the-uk-2026/,10,4819,0.21%,9.57
https://www.abels.co.uk/wp-content/uploads/2025/05/Moving-to-Peru-from-the-UK-advice-and-information-Abels-Relocation-Guide.pdf,10,3678,0.27%,15.08
https://www.abels.co.uk/wp-content/uploads/2025/05/Moving-to-Chile-from-the-UK-advice-and-information-Abels-Relocation-Guide.pdf,10,2535,0.39%,17.25
https://www.abels.co.uk/downloads/relo-guides/Moving-to-Oman-from-the-UK-advice-and-information-Abels-Relocation-Guide.pdf,10,1953,0.51%,27.23
https://www.abels.co.uk/downloads/relo-guides/Moving-to-Tunisia-from-the-UK-advice-and-information-Abels-Relocation-Guide.pdf,10,1823,0.55%,18.69
https://www.abels.co.uk/moving-home/suffolk-removals-company/felixstowe/,10,1218,0.82%,16.33
https://www.abels.co.uk/moving-used-cars-to-caribbean-and-south-america/,10,1201,0.83%,18.18
https://www.abels.co.uk/news/notable-colleague-abigail-clark/,10,611,1.64%,17.96
https://www.abels.co.uk/moving-home/london-removals-company/kensington/,9,24527,0.04%,25.48
https://www.abels.co.uk/moving-home/hertfordshire-removals-company/berkhamsted/,9,6125,0.15%,24.17
https://www.abels.co.uk/wp-content/uploads/2025/05/Moving-to-Indonesia-from-the-UK-advice-and-information-Abels-Relocation-Guide.pdf,9,4445,0.2%,19.5
https://www.abels.co.uk/moving-home/norfolk-removals-company/holt/,9,2008,0.45%,32.58
https://www.abels.co.uk/privacy-policy/,9,716,1.26%,14.95
https://www.abels.co.uk/import-to-ghana-of-used-fridges-freezers-or-air-conditioners/,9,388,2.32%,18.95
https://www.abels.co.uk/about-us/our-team/,9,159,5.66%,9.72
https://www.abels.co.uk/hertfordshire-removals-company/,8,23308,0.03%,48.36
https://www.abels.co.uk/moving-to-kuwait/,8,22366,0.04%,28.33
https://www.abels.co.uk/moving-to-the-united-arab-emirates/,8,20858,0.04%,65.06
https://www.abels.co.uk/country-guides/moving-to-singapore/,8,20488,0.04%,33.91
https://www.abels.co.uk/storage-solutions/specialist-storage-services/,8,6834,0.12%,24.63
https://www.abels.co.uk/moving-relocating-from-china-to-the-uk-current-shipping-challenges/,8,6503,0.12%,46.22
https://www.abels.co.uk/wp-content/uploads/2025/05/Moving-to-Cayman-Islands-from-the-UK-advice-and-information-Abels-Relocation-Guide.pdf,8,2379,0.34%,22.82
https://www.abels.co.uk/downloads/relo-guides/Moving-to-Saint-Lucia-from-the-UK-advice-and-information-Abels-Relocation-Guide.pdf,8,1130,0.71%,39.85
https://www.abels.co.uk/our-partner-lumon/,8,421,1.9%,18.29
https://www.abels.co.uk/news/congratulations-to-james-mehmet/,8,202,3.96%,5.2
https://www.abels.co.uk/promotion-of-kavan-mccullagh-to-director-of-sales/,8,133,6.02%,14.03
https://www.abels.co.uk/commercial-moves/business-and-commercial-removals/,7,53682,0.01%,32.86
https://www.abels.co.uk/country-guides/moving-to-spain/,7,37273,0.02%,54.08
https://www.abels.co.uk/london-removals-company/kensington/,7,17697,0.04%,28.29
https://www.abels.co.uk/cambridgeshire-removals-company/cambridge/,7,11861,0.06%,46.86
https://www.abels.co.uk/wp-content/uploads/2025/05/Moving-to-South-Korea-from-the-UK-advice-and-information-Abels-Relocation-Guide.pdf,7,9492,0.07%,22.3
https://www.abels.co.uk/moving-home/country-estate-moves/,7,4380,0.16%,18.13
https://www.abels.co.uk/downloads/relo-guides/Moving-to-UAE-from-the-UK-advice-and-information-Abels-Relocation-Guide.pdf,7,4123,0.17%,56.99
https://www.abels.co.uk/norfolk-removals-company/holt/,7,3054,0.23%,45.1
https://www.abels.co.uk/wp-content/uploads/2025/05/Moving-to-Mauritius-from-the-UK-advice-and-information-Abels-Relocation-Guide.pdf,7,1600,0.44%,39.31
https://www.abels.co.uk/wp-content/uploads/2025/05/Moving-to-Saint-Lucia-from-the-UK-advice-and-information-Abels-Relocation-Guide.pdf,7,1518,0.46%,13.66
https://www.abels.co.uk/wp-content/uploads/2025/05/Moving-to-Malaysia-from-the-UK-advice-and-information-Abels-Relocation-Guide.pdf,7,1295,0.54%,54.91
https://www.abels.co.uk/moving-to-russia/,7,866,0.81%,37.52
https://www.abels.co.uk/corporate-social-responsibility-policy/,7,450,1.56%,10.56
https://www.abels.co.uk/news/promotion-of-kavan-mccullagh-to-director-of-sales/,7,146,4.79%,5.68
https://www.abels.co.uk/sad-day-for-abels-as-company-founder-noel-d-abel-passes-away/,7,117,5.98%,9.24
https://www.abels.co.uk/news/employee-of-the-year-2015/,7,47,14.89%,4.68
https://www.abels.co.uk/business-services/business-and-commercial-removals/,6,54839,0.01%,44.61
https://www.abels.co.uk/moving-home/london-removals-company/north-finchley/,6,37375,0.02%,29.52
https://www.abels.co.uk/moving-to-cyprus/,6,30119,0.02%,59.01
https://www.abels.co.uk/storage-solutions/furniture-storage/,6,28172,0.02%,27.92
https://www.abels.co.uk/moving-home/london-removals-company/chelsea/,6,27278,0.02%,20.32
https://www.abels.co.uk/moving-to-the-philippines/,6,17294,0.03%,26.92
https://www.abels.co.uk/downloads/relo-guides/Moving-to-Bangladesh-from-the-UK-advice-and-information-Abels-Relocation-Guide.pdf,6,14308,0.04%,20.49
https://www.abels.co.uk/country-guides/moving-to-sri-lanka/,6,14268,0.04%,12.78
https://www.abels.co.uk/country-guides/moving-to-austria/,6,11170,0.05%,28.52
https://www.abels.co.uk/wp-content/uploads/2025/05/Moving-to-Taiwan-from-the-UK-advice-and-information-Abels-Relocation-Guide.pdf,6,8197,0.07%,19.02
https://www.abels.co.uk/moving-home/london-removals-company/notting-hill/,6,8183,0.07%,25.74
https://www.abels.co.uk/news/fidi-faim-what-do-they-mean/,6,7324,0.08%,21.43
https://www.abels.co.uk/moving-home/london-removals-company/mayfair/,6,6537,0.09%,15.16
https://www.abels.co.uk/moving-home/hertfordshire-removals-company/cuffley/,6,5316,0.11%,36.25
https://www.abels.co.uk/business-services/retail-and-home-delivery-services/,6,3666,0.16%,50.03
https://www.abels.co.uk/wp-content/uploads/2025/05/Moving-to-Egypt-from-the-UK-advice-and-information-Abels-Relocation-Guide.pdf,6,3361,0.18%,17.16
https://www.abels.co.uk/about-us/is-abels-for-you/,6,3285,0.18%,12.9
https://www.abels.co.uk/wp-content/uploads/2025/05/Moving-to-Brazil-from-the-UK-advice-and-information-Abels-Relocation-Guide.pdf,6,2923,0.21%,39.3
https://www.abels.co.uk/about-us/our-process/,6,2785,0.22%,13.37
https://www.abels.co.uk/downloads/relo-guides/Moving-to-Guatemala-from-the-UK-advice-and-information-Abels-Relocation-Guide.pdf,6,1148,0.52%,24.39
https://www.abels.co.uk/norfolk-removals-company/wells-next-the-sea/,6,1036,0.58%,39.14
https://www.abels.co.uk/new-rules-for-air-shipments-to-us/,6,910,0.66%,53.18
https://www.abels.co.uk/moving-abroad/european-truck-locations-groupage-schedules/,6,836,0.72%,45.17
https://www.abels.co.uk/moving-home/norfolk-removals-company/heacham/,6,283,2.12%,38.63
https://www.abels.co.uk/moving-home/moving-advice/items-not-to-include-on-overseas-move/,6,263,2.28%,14.74
https://www.abels.co.uk/moving-home/hertfordshire-removals-company/cheshunt/,5,29031,0.02%,22.98
https://www.abels.co.uk/moving-abroad/moving-to-the-uk/,5,22639,0.02%,12.25
https://www.abels.co.uk/moving-to-malaysia/,5,22186,0.02%,39
https://www.abels.co.uk/downloads/relo-guides/Moving-to-South-Korea-from-the-UK-advice-and-information-Abels-Relocation-Guide.pdf,5,17200,0.03%,43.11
https://www.abels.co.uk/moving-home/london-removals-company/highgate/,5,12526,0.04%,19.28
https://www.abels.co.uk/downloads/relo-guides/Moving-to-Philippines-from-the-UK-Information-and-Advice-Abels-Relocation-Guide.pdf,5,7933,0.06%,43.97
https://www.abels.co.uk/storage-solutions/long-term-storage/,5,5680,0.09%,33.83
https://www.abels.co.uk/moving-to-mexico/,5,5181,0.1%,28.86
https://www.abels.co.uk/moving-to-cambridge/,5,3984,0.13%,45.41
https://www.abels.co.uk/country-guides/moving-to-oman/,5,3544,0.14%,37.21
https://www.abels.co.uk/moving-to-kings-lynn/,5,2400,0.21%,20.88
https://www.abels.co.uk/news/moving-relocating-from-china-to-the-uk-current-shipping-challenges/,5,2320,0.22%,31.74
https://www.abels.co.uk/downloads/relo-guides/Moving-to-Venezuela-from-the-UK-advice-and-information-Abels-Relocation-Guide.pdf,5,2295,0.22%,26.53
https://www.abels.co.uk/moving-home/norfolk-removals-company/cromer/,5,2281,0.22%,16.02
https://www.abels.co.uk/moving-abroad/international-removals-services/insurance/,5,1619,0.31%,37.1
https://www.abels.co.uk/moving-home/suffolk-removals-company/aldeburgh/,5,1512,0.33%,11.14
https://www.abels.co.uk/wp-content/uploads/2025/05/Moving-to-Kenya-from-the-UK-advice-and-information-Abels-Relocation-Guide.pdf,5,1295,0.39%,23.75
https://www.abels.co.uk/moving-abroad/fx-transfer-services/,5,1197,0.42%,60.75
https://www.abels.co.uk/hertfordshire-removals-company/tring/,5,1065,0.47%,18.69
https://www.abels.co.uk/country-guides/moving-to-jordan/,5,959,0.52%,22.41
https://www.abels.co.uk/news/ffe-and-interior-design-the-broadway-sw1/,5,518,0.97%,45.92
https://www.abels.co.uk/news/scroxton-scroxton-architects/,5,473,1.06%,9.1
https://www.abels.co.uk/news/london-to-brighton-veteran-car-run/,5,316,1.58%,29.03
https://www.abels.co.uk/website-terms-and-conditions/,5,262,1.91%,15.08
https://www.abels.co.uk/health-safety-policy-statement/,5,229,2.18%,32.5
https://www.abels.co.uk/moving-home/norfolk-removals-company/dersingham/,5,142,3.52%,32.12
https://www.abels.co.uk/news/notable-colleague-kerry-parrish/,5,106,4.72%,12.46
https://www.abels.co.uk/moving-to-new-zealand/,4,40371,0.01%,58.03
https://www.abels.co.uk/moving-home/hertfordshire-removals-company/harpenden/,4,23750,0.02%,31.39
https://www.abels.co.uk/downloads/relo-guides/Moving-to-Saudi-Arabia-from-the-UK-advice-and-information-Abels-Relocation-Guide.pdf,4,13735,0.03%,61.69
https://www.abels.co.uk/downloads/relo-guides/Moving-to-Taiwan-from-the-UK-advice-and-information-Abels-Relocation-Guide.pdf,4,12384,0.03%,30.73
https://www.abels.co.uk/moving-home/hertfordshire-removals-company/radlett/,4,9584,0.04%,18.16
https://www.abels.co.uk/moving-to-city/moving-to-monaco/,4,8437,0.05%,26.33
https://www.abels.co.uk/moving-home/london-removals-company/bayswater/,4,5057,0.08%,20.19
https://www.abels.co.uk/london-removals-company/notting-hill/,4,4585,0.09%,34.78
https://www.abels.co.uk/wp-content/uploads/2025/05/Moving-to-China-from-the-UK-advice-and-information-Abels-Relocation-Guide.pdf,4,4399,0.09%,41.59
https://www.abels.co.uk/country-guides/moving-to-indonesia/,4,4310,0.09%,16.23
https://www.abels.co.uk/downloads/relo-guides/Moving-to-Costa-Rica-from-the-UK-advice-and-information-Abels-Relocation-Guide.pdf,4,4290,0.09%,51.74
https://www.abels.co.uk/downloads/relo-guides/Moving-to-Japan-from-the-UK-advice-and-information-Abels-Relocation-Guide.pdf,4,3288,0.12%,76.98
https://www.abels.co.uk/wp-content/uploads/2025/05/Moving-to-Guatemala-from-the-UK-advice-and-information-Abels-Relocation-Guide.pdf,4,2726,0.15%,14.14
https://www.abels.co.uk/wp-content/uploads/2025/05/Moving-to-Costa-Rica-from-the-UK-advice-and-information-Abels-Relocation-Guide.pdf,4,2308,0.17%,16.28
https://www.abels.co.uk/ffe-and-interior-design-the-broadway-sw1/,4,2107,0.19%,53.06
https://www.abels.co.uk/country-guides/moving-to-belgium/,4,1767,0.23%,39.73
https://www.abels.co.uk/wp-content/uploads/2025/05/Moving-to-India-from-the-UK-advice-and-information-Abels-Relocation-Guide.pdf,4,1624,0.25%,45.85
https://www.abels.co.uk/moving-home/home-setup/,4,1420,0.28%,11.8
https://www.abels.co.uk/commercial-moves/retail-and-home-delivery-services/,4,1327,0.3%,41.46
https://www.abels.co.uk/quick-enquiry/,4,993,0.4%,9.07
https://www.abels.co.uk/suffolk-removals-company/beccles/,4,978,0.41%,26.42
https://www.abels.co.uk/moving-home/suffolk-removals-company/saxmundham/,4,574,0.7%,34.44
https://www.abels.co.uk/moving-home/suffolk-removals-company/halesworth/,4,453,0.88%,17.54
https://www.abels.co.uk/make-an-enquiry/,4,423,0.95%,8.17
https://www.abels.co.uk/disruptions-at-canadian-ports-important-update-for-customers-moving-to-canada/,4,421,0.95%,31.76
https://www.abels.co.uk/country-guides/moving-to-the-leeward-islands/,4,393,1.02%,25.98
https://www.abels.co.uk/notable-colleague-abigail-clark/,4,361,1.11%,33.38
https://www.abels.co.uk/moving-home/suffolk-removals-company/elmswell/,4,201,1.99%,35.99
https://www.abels.co.uk/relocation-guides/,4,131,3.05%,31.31
https://www.abels.co.uk/norfolk-removals-company/heacham/,4,114,3.51%,20.7
https://www.abels.co.uk/a-look-back-at-2024-with-abels/,4,105,3.81%,19.18
https://www.abels.co.uk/news/nicola-emerson/,4,89,4.49%,17.39
https://www.abels.co.uk/abels-trucks-through-the-ages/,4,55,7.27%,11.33
https://www.abels.co.uk/wp-content/uploads/2025/05/book.pdf,4,54,7.41%,8.44
https://www.abels.co.uk/moving-home/hertfordshire-removals-company/,3,29981,0.01%,51.27
https://www.abels.co.uk/moving-to-switzerland/,3,19830,0.02%,70.02
https://www.abels.co.uk/moving-home/hertfordshire-removals-company/st-albans/,3,12869,0.02%,33.81
https://www.abels.co.uk/moving-to-austria/,3,9730,0.03%,40.96
https://www.abels.co.uk/hertfordshire-removals-company/harpenden/,3,9670,0.03%,38.33
https://www.abels.co.uk/london-removals-company/westminster/,3,9420,0.03%,18.54
https://www.abels.co.uk/downloads/relo-guides/Moving-to-Argentina-from-the-UK-advice-and-information-Abels-Relocation-Guide.pdf,3,8930,0.03%,51.34
https://www.abels.co.uk/moving-to-denmark/,3,8855,0.03%,62.95
https://www.abels.co.uk/moving-to-luxembourg/,3,8788,0.03%,40.28
https://www.abels.co.uk/country-guides/moving-to-japan/,3,8131,0.04%,32.64
https://www.abels.co.uk/london-removals-company/hampstead/,3,8119,0.04%,18.58
https://www.abels.co.uk/moving-to-city/moving-to-halifax-canada/,3,5009,0.06%,25.43
https://www.abels.co.uk/wp-content/uploads/2025/05/Moving-to-Saudi-Arabia-from-the-UK-advice-and-information-Abels-Relocation-Guide.pdf,3,4906,0.06%,44.61
https://www.abels.co.uk/country-guides/moving-to-australia/,3,4023,0.07%,61.57
https://www.abels.co.uk/country-guides/moving-to-luxembourg/,3,3830,0.08%,26.58
https://www.abels.co.uk/london-removals-company/mayfair/,3,2779,0.11%,14.18
https://www.abels.co.uk/downloads/relo-guides/Moving-to-Malaysia-from-the-UK-advice-and-information-Abels-Relocation-Guide.pdf,3,2769,0.11%,82.75
https://www.abels.co.uk/downloads/relo-guides/Moving-to-Peru-from-the-UK-advice-and-information-Abels-Relocation-Guide.pdf,3,2236,0.13%,24.58
https://www.abels.co.uk/moving-to-indonesia/,3,2137,0.14%,31.3
https://www.abels.co.uk/about-us/environmental-and-sustainability/,3,1400,0.21%,25.06
https://www.abels.co.uk/news/,3,1358,0.22%,16.08
https://www.abels.co.uk/wp-content/uploads/2025/05/Moving-to-Hong-Kong-from-the-UK-advice-and-information-Abels-Relocation-Guide.pdf,3,1342,0.22%,49.02
https://www.abels.co.uk/wp-content/uploads/2025/05/Moving-to-Thailand-from-the-UK-advice-and-information-Abels-Relocation-Guide.pdf,3,1022,0.29%,67.42
https://www.abels.co.uk/news/moving-to-oman-port-sultan-qaboos-container-freight-station-closure/,3,943,0.32%,17.96
https://www.abels.co.uk/moving-to-winnipeg/,3,921,0.33%,47.83
https://www.abels.co.uk/abels-attends-141st-sandringham-flower-show/,3,710,0.42%,31.57
https://www.abels.co.uk/wp-content/uploads/2025/05/Moving-to-Japan-from-the-UK-advice-and-information-Abels-Relocation-Guide.pdf,3,675,0.44%,30.96
https://www.abels.co.uk/moving-to-holt/,3,628,0.48%,50.72
https://www.abels.co.uk/news/import-to-ghana-of-used-fridges-freezers-or-air-conditioners/,3,369,0.81%,7.82
https://www.abels.co.uk/moving-to-venice/,3,335,0.9%,20.73
https://www.abels.co.uk/abels-erf-historic-removal-vehicle/,3,297,1.01%,14.7
https://www.abels.co.uk/scroxton-scroxton-architects/,3,291,1.03%,18.7
https://www.abels.co.uk/moving-to-trieste/,3,198,1.52%,20.35
https://www.abels.co.uk/moving-to-bari/,3,150,2%,14.31
https://www.abels.co.uk/cambridgeshire-removals-company/duxford/,3,149,2.01%,46.47
https://www.abels.co.uk/customer-satisfaction-survey/,3,110,2.73%,22.71
https://www.abels.co.uk/european-union-advanced-manifest-ruling/,3,89,3.37%,28.62
https://www.abels.co.uk/news/congratulations-to-joe-dods/,3,87,3.45%,7.31
https://www.abels.co.uk/abels-is-awarded-the-we-invest-in-people-standard-accreditation/,3,56,5.36%,12.93
https://www.abels.co.uk/nicola-emerson/,3,50,6%,12.14
https://www.abels.co.uk/notable-colleague-kerry-parrish/,3,45,6.67%,8.47
https://www.abels.co.uk/news/chairman-john-guilford-retires-following-18-years-service/,3,27,11.11%,8.89
https://www.abels.co.uk/news/abels-quartet-are-drivers-in-a-million/,3,25,12%,11.24
https://www.abels.co.uk/moving-to-spain/,2,70773,0%,71.47
https://www.abels.co.uk/moving-to-the-usa/,2,37325,0.01%,65.76
https://www.abels.co.uk/country-guides/moving-to-new-zealand/,2,28034,0.01%,59.03
https://www.abels.co.uk/moving-to-singapore/,2,25130,0.01%,49.48
https://www.abels.co.uk/storage-solutions/short-term-storage/,2,23193,0.01%,47.05
https://www.abels.co.uk/moving-to-france/,2,20995,0.01%,76.25
https://www.abels.co.uk/moving-to-qatar/,2,19571,0.01%,34.88
https://www.abels.co.uk/moving-to-sri-lanka/,2,18365,0.01%,17.71
https://www.abels.co.uk/moving-home/london-removals-company/fulham/,2,17158,0.01%,48.8
https://www.abels.co.uk/moving-home/moving-advice/,2,14276,0.01%,11.49
https://www.abels.co.uk/moving-to-thailand/,2,13714,0.01%,38.37
https://www.abels.co.uk/country-guides/moving-to-cyprus/,2,13035,0.02%,59.96
https://www.abels.co.uk/country-guides/moving-to-the-usa/,2,11223,0.02%,67.53
https://www.abels.co.uk/country-guides/moving-to-france/,2,10789,0.02%,59.92
https://www.abels.co.uk/downloads/relo-guides/Moving-to-Egypt-from-the-UK-advice-and-information-Abels-Relocation-Guide.pdf,2,7432,0.03%,43.04
https://www.abels.co.uk/london-removals-company/camden/,2,6820,0.03%,46.04
https://www.abels.co.uk/moving-to-belgium/,2,6106,0.03%,60.83
https://www.abels.co.uk/country-guides/moving-to-sweden/,2,5750,0.03%,48.86
https://www.abels.co.uk/country-guides/moving-to-china/,2,5662,0.04%,18.11
https://www.abels.co.uk/moving-abroad/export-packing/,2,3986,0.05%,60.22
https://www.abels.co.uk/moving-home/hertfordshire-removals-company/chorleywood/,2,3913,0.05%,19.46
https://www.abels.co.uk/hertfordshire-removals-company/radlett/,2,3402,0.06%,17.66
https://www.abels.co.uk/moving-to-chad-electronic-cargo-tracking-note-ectn/,2,3267,0.06%,53.7
https://www.abels.co.uk/news/moving-to-chad-electronic-cargo-tracking-note-ectn/,2,3034,0.07%,49.38
https://www.abels.co.uk/hertfordshire-removals-company/chorleywood/,2,2517,0.08%,28.24
https://www.abels.co.uk/downloads/relo-guides/Moving-to-Hong-Kong-from-the-UK-advice-and-information-Abels-Relocation-Guide.pdf,2,2281,0.09%,84.19
https://www.abels.co.uk/hertfordshire-removals-company/rickmansworth/,2,1697,0.12%,22.66
https://www.abels.co.uk/moving-abroad/moving-to-the-uk/moving-to-cambridge/,2,1596,0.13%,53.35
https://www.abels.co.uk/moving-to-jordan/,2,1500,0.13%,49.51
https://www.abels.co.uk/wp-content/uploads/2025/05/Moving-to-Kuwait-from-the-UK-advice-and-information-Abels-Relocation-Guide.pdf,2,1347,0.15%,21.38
https://www.abels.co.uk/moving-to-city/moving-to-palmerston-north/,2,1281,0.16%,7.53
https://www.abels.co.uk/moving-to-city/moving-to-edmonton/,2,1218,0.16%,34.14
https://www.abels.co.uk/moving-home/norfolk-removals-company/wells-next-the-sea/,2,1107,0.18%,36.3
https://www.abels.co.uk/moving-to-stevenage/,2,1078,0.19%,60.45
https://www.abels.co.uk/moving-home/suffolk-removals-company/long-melford/,2,1037,0.19%,16.61
https://www.abels.co.uk/moving-to-edmonton/,2,917,0.22%,46.59
https://www.abels.co.uk/news/critical-port-congestion-in-singapore-affecting-shipping-times/,2,836,0.24%,16.18
https://www.abels.co.uk/wp-content/uploads/2025/05/Moving-to-Barbados-from-the-UK-advice-and-information-Abels-Relocation-Guide.pdf,2,744,0.27%,19.43
https://www.abels.co.uk/downloads/relo-guides/Moving-to-Israel-from-the-UK-advice-and-information-Abels-Relocation-Guide.pdf,2,726,0.28%,49.41
https://www.abels.co.uk/norfolk-removals-company/castle-acre/,2,646,0.31%,43.31
https://www.abels.co.uk/news/a-look-back-at-2024-with-abels/,2,639,0.31%,9.33
https://www.abels.co.uk/news/faimplus-2022-certificate/,2,571,0.35%,32.39
https://www.abels.co.uk/moving-abroad/moving-to-the-uk/moving-to-ipswich/,2,569,0.35%,17.43
https://www.abels.co.uk/news/how-choose-right-international-relocation-specialist/,2,558,0.36%,18.69
https://www.abels.co.uk/downloads/relo-guides/Moving-to-Bahamas-from-the-UK-advice-and-information-Abels-Relocation-Guide.pdf,2,547,0.37%,47.01
https://www.abels.co.uk/moving-home/norfolk-removals-company/castle-acre/,2,493,0.41%,49.25
https://www.abels.co.uk/moving-home/suffolk-removals-company/southwold/,2,479,0.42%,24.76
https://www.abels.co.uk/abels-bring-their-bespoke-removals-service-to-the-elite-london-show/,2,434,0.46%,36.98
https://www.abels.co.uk/news/abels-erf-historic-removal-vehicle/,2,408,0.49%,12.32
https://www.abels.co.uk/wp-content/uploads/2025/05/Moving-to-Bahamas-from-the-UK-advice-and-information-Abels-Relocation-Guide.pdf,2,364,0.55%,15.56
https://www.abels.co.uk/wp-content/uploads/2025/05/Moving-to-New-Zealand-from-the-UK-advice-and-information-Abels-Relocation-Guide.pdf,2,357,0.56%,29.8
https://www.abels.co.uk/moving-to-city/moving-to-darwin/,2,317,0.63%,9.77
https://www.abels.co.uk/wp-content/uploads/2025/05/Moving-to-Jamaica-from-the-UK-advice-and-information-Abels-Relocation-Guide.pdf,2,314,0.64%,38.82
https://www.abels.co.uk/nigeria-customs-regulations-update-on-shipping-furniture/,2,314,0.64%,63.82
https://www.abels.co.uk/moving-to-city/moving-to-nuremberg/,2,303,0.66%,11.59
https://www.abels.co.uk/news/new-rules-for-air-shipments-to-us/,2,290,0.69%,25.51
https://www.abels.co.uk/news/shipping-to-zambia-changes-in-diplomatic-regulations/,2,273,0.73%,41.5
https://www.abels.co.uk/moving-to-mannheim/,2,268,0.75%,31.46
https://www.abels.co.uk/moving-to-sierra-leone-advanced-cargo-declaration/,2,256,0.78%,60.52
https://www.abels.co.uk/moving-to-bahrain-vehicle-import-restrictions/,2,254,0.79%,12.35
https://www.abels.co.uk/suffolk-removals-company/southwold/,2,254,0.79%,17.42
https://www.abels.co.uk/moving-home/hertfordshire-removals-company/bushey/,2,247,0.81%,17.08
https://www.abels.co.uk/critical-port-congestion-in-singapore-affecting-shipping-times/,2,206,0.97%,32.02
https://www.abels.co.uk/downloads/relo-guides/Moving-to-Trinidad-and-Tobago-from-the-UK-advice-and-information-Abels-Relocation-Guide.pdf,2,198,1.01%,43.57
https://www.abels.co.uk/news/our-partner-lumon/,2,182,1.1%,16.27
https://www.abels.co.uk/moving-to-city/moving-to-bari/,2,159,1.26%,9.51
https://www.abels.co.uk/news/nigeria-customs-regulations-update-on-shipping-furniture/,2,159,1.26%,14.03
https://www.abels.co.uk/news/fine-country-international-day/,2,158,1.27%,18.89
https://www.abels.co.uk/moving-home/norfolk-removals-company/brancaster/,2,156,1.28%,23.14
https://www.abels.co.uk/abels-moving-services-sponsor-biid-uk-interior-design-awards/,2,153,1.31%,30.34
https://www.abels.co.uk/moving-to-city/moving-to-bochum/,2,142,1.41%,18.02
https://www.abels.co.uk/elevating-expertise-abels-attend-the-mim2-seminar/,2,111,1.8%,27.7
https://www.abels.co.uk/overseas-terms-conditions/,2,111,1.8%,30.37
https://www.abels.co.uk/cambridgeshire-removals-company/great-shelford/,2,99,2.02%,47.94
https://www.abels.co.uk/moving-to-the-democratic-republic-of-congo-new-regulations-for-used-vehicle-imports/,2,98,2.04%,23.23
https://www.abels.co.uk/news/abels-is-awarded-the-we-invest-in-people-standard-accreditation/,2,77,2.6%,9.04
https://www.abels.co.uk/abels-attends-haddenham-2017-steam-rally/,2,62,3.23%,35.34
https://www.abels.co.uk/hertfordshire-removals-company/st-albans/,2,50,4%,19.78
https://www.abels.co.uk/category/news/page/2/,2,26,7.69%,8.92
https://www.abels.co.uk/news/abels-welcomes-diane-hayden-as-customer-service-manager/,2,23,8.7%,5.87
https://www.abels.co.uk/moving-brochure/,2,20,10%,14.7
https://www.abels.co.uk/hertfordshire-removals-company/berkhamsted/,2,13,15.38%,14.08
https://www.abels.co.uk/news/shipping-cars-to-zimbabwe/,2,12,16.67%,9.58
https://www.abels.co.uk/news/abels-2016-new-vehicle-builds/,2,9,22.22%,9.33
https://www.abels.co.uk/employee-of-the-year-2015/,2,8,25%,3.38
https://www.abels.co.uk/news/italy-general-strike-announced/,2,2,100%,1
https://www.abels.co.uk/news/piracy-costs-shipping-industry-billions/,2,2,100%,1
https://www.abels.co.uk/moving-to-south-africa/,1,24774,0%,69.54
https://www.abels.co.uk/downloads/relo-guides/Moving-to-Brazil-from-the-UK-advice-and-information-Abels-Relocation-Guide.pdf,1,20690,0%,55.95
https://www.abels.co.uk/london-removals-company/chelsea/,1,18974,0.01%,34.77
https://www.abels.co.uk/moving-to-vietnam/,1,18663,0.01%,26.53
https://www.abels.co.uk/moving-advice/,1,15845,0.01%,11.63
https://www.abels.co.uk/moving-from-the-uk-to-switzerland/,1,15645,0.01%,73.18
https://www.abels.co.uk/country-guides/moving-to-the-united-arab-emirates/,1,14284,0.01%,70.83
https://www.abels.co.uk/country-guides/moving-to-thailand/,1,11281,0.01%,40.31
https://www.abels.co.uk/moving-to-finland/,1,9318,0.01%,35.52
https://www.abels.co.uk/moving-to-japan/,1,8790,0.01%,36.77
https://www.abels.co.uk/commercial-moves/storage-solutions/,1,8193,0.01%,39.47
https://www.abels.co.uk/business-services/,1,6078,0.02%,34.31
https://www.abels.co.uk/country-guides/moving-to-south-africa/,1,6044,0.02%,67.47
https://www.abels.co.uk/abels-anti-trust-charter/,1,5166,0.02%,6.34
https://www.abels.co.uk/moving-home/hertfordshire-removals-company/rickmansworth/,1,3249,0.03%,14.5
https://www.abels.co.uk/london-removals-company/bayswater/,1,2783,0.04%,32.37
https://www.abels.co.uk/about-us/accreditations/,1,2683,0.04%,17.76
https://www.abels.co.uk/british-association-of-removers-what-do-they-mean/,1,2368,0.04%,29.8
https://www.abels.co.uk/moving-to-city/moving-to-toronto/,1,2357,0.04%,30.18
https://www.abels.co.uk/wp-content/uploads/2025/05/Moving-to-Argentina-from-the-UK-advice-and-information-Abels-Relocation-Guide.pdf,1,2169,0.05%,16.91
https://www.abels.co.uk/news/british-association-of-removers-what-do-they-mean/,1,2032,0.05%,35.02
https://www.abels.co.uk/moving-home/london-removals-company/belgravia/,1,1817,0.06%,13.86
https://www.abels.co.uk/business-services/storage-solutions/,1,1730,0.06%,38.92
https://www.abels.co.uk/moving-to-hamilton-canada/,1,1707,0.06%,30.77
https://www.abels.co.uk/moving-home/london-removals-company/west-brompton/,1,1639,0.06%,9.16
https://www.abels.co.uk/removals-cambridge/,1,1578,0.06%,38.12
https://www.abels.co.uk/country-guides/moving-to-finland/,1,1563,0.06%,31.07
https://www.abels.co.uk/suffolk-removals-company/aldeburgh/,1,1561,0.06%,17.62
https://www.abels.co.uk/moving-to-oman/,1,1535,0.07%,34.67
https://www.abels.co.uk/moving-to-city/moving-to-brussels/,1,1443,0.07%,23.53
https://www.abels.co.uk/norfolk-removals-company/burnham-market/,1,1326,0.08%,49.33
https://www.abels.co.uk/london-removals-company/st-james-s/,1,1306,0.08%,19.05
https://www.abels.co.uk/wp-content/uploads/2025/05/Moving-to-Israel-from-the-UK-advice-and-information-Abels-Relocation-Guide.pdf,1,1276,0.08%,34.58
https://www.abels.co.uk/suffolk-removals-company/dedham-vale/,1,1275,0.08%,57.1
https://www.abels.co.uk/norfolk-removals-company/cromer/,1,1191,0.08%,22.97
https://www.abels.co.uk/moving-abroad/moving-to-the-uk/moving-to-edinburgh-scotland/,1,1180,0.08%,29.52
https://www.abels.co.uk/moving-to-vietnam-congestion-at-cat-lai-port/,1,807,0.12%,53.67
https://www.abels.co.uk/moving-home/suffolk-removals-company/martlesham/,1,805,0.12%,21.25
https://www.abels.co.uk/downloads/relo-guides/Moving-to-Cayman-Islands-from-the-UK-advice-and-information-Abels-Relocation-Guide.pdf,1,802,0.12%,61.41
https://www.abels.co.uk/suffolk-removals-company/long-melford/,1,794,0.13%,27.37
https://www.abels.co.uk/suffolk-removals-company/saxmundham/,1,749,0.13%,16.24
https://www.abels.co.uk/royal-warrant-appointment-extended-for-abels/,1,642,0.16%,86.53
https://www.abels.co.uk/country-guides/,1,556,0.18%,61.32
https://www.abels.co.uk/cambridgeshire-removals-company/girton/,1,536,0.19%,46.77
https://www.abels.co.uk/london-removals-company/west-brompton/,1,529,0.19%,17.15
https://www.abels.co.uk/moving-to-darwin/,1,524,0.19%,34
https://www.abels.co.uk/news/moving-to-vietnam-congestion-at-cat-lai-port/,1,502,0.2%,56.78
https://www.abels.co.uk/moving-to-oman-port-sultan-qaboos-container-freight-station-closure/,1,494,0.2%,39.91
https://www.abels.co.uk/moving-to-columbia-help-for-returning-columbians/,1,464,0.22%,40.74
https://www.abels.co.uk/moving-home/suffolk-removals-company/dedham-vale/,1,457,0.22%,16.21
https://www.abels.co.uk/moving-to-city/moving-to-milan/,1,445,0.22%,17.63
https://www.abels.co.uk/moving-to-city/moving-to-duisburg/,1,439,0.23%,15.57
https://www.abels.co.uk/tag/potters-bar/,1,436,0.23%,7.91
https://www.abels.co.uk/moving-guides/cayman-islands-country-briefing/,1,418,0.24%,18.85
https://www.abels.co.uk/about-us/why-choose-us/,1,410,0.24%,21.58
https://www.abels.co.uk/london-to-brighton-veteran-car-run/,1,407,0.25%,49.92
https://www.abels.co.uk/news/moving-to-kuwait-customs-regulations-update/,1,382,0.26%,21.03
https://www.abels.co.uk/news/moving-to-bahrain-vehicle-import-restrictions/,1,349,0.29%,10.78
https://www.abels.co.uk/moving-to-dresden/,1,311,0.32%,17.2
https://www.abels.co.uk/moving-to-bastogne/,1,301,0.33%,53.62
https://www.abels.co.uk/moving-to-milan/,1,296,0.34%,31.59
https://www.abels.co.uk/customs-officers-strike-in-chile/,1,289,0.35%,49.97
https://www.abels.co.uk/moving-abroad/moving-to-the-uk/moving-to-belfast/,1,283,0.35%,46.13
https://www.abels.co.uk/moving-to-city/moving-to-bastogne/,1,247,0.4%,51.83
https://www.abels.co.uk/news/abels-bring-their-bespoke-removals-service-to-the-elite-london-show/,1,240,0.42%,32.75
https://www.abels.co.uk/downloads/relo-guides/Moving-to-Singapore-from-the-UK-advice-and-information-Abels-Relocation-Guide.pdf,1,235,0.43%,71.48
https://www.abels.co.uk/norfolk-removals-company/dersingham/,1,219,0.46%,60.16
https://www.abels.co.uk/moving-home/cambridgeshire-removals-company/comberton/,1,199,0.5%,24.95
https://www.abels.co.uk/moving-to-city/moving-to-rome/,1,192,0.52%,25.02
https://www.abels.co.uk/moving-guides/bar-global-shipping-conditions/,1,181,0.55%,40.45
https://www.abels.co.uk/moving-abroad/moving-to-the-uk/moving-to-huntingdon/,1,180,0.56%,28.45
https://www.abels.co.uk/news/abels-attends-haddenham-2017-steam-rally/,1,179,0.56%,30.95
https://www.abels.co.uk/abels-signs-armed-forces-covenant/,1,175,0.57%,47.64
https://www.abels.co.uk/downloads/relo-guides/Moving-to-Philippines-from-the-UK-advice-and-information-Abels-Relocation-Guide.pdf,1,172,0.58%,44.51
https://www.abels.co.uk/news/abels-makes-top-11-list-of-removers/,1,159,0.63%,14.87
https://www.abels.co.uk/category/news/,1,159,0.63%,18.72
https://www.abels.co.uk/news/disruptions-at-canadian-ports-important-update-for-customers-moving-to-canada/,1,156,0.64%,29.97
https://www.abels.co.uk/moving-to-city/moving-to-bonn/,1,154,0.65%,17.04
https://www.abels.co.uk/news/abels-attends-event-at-chelsea-fc/,1,154,0.65%,31.58
https://www.abels.co.uk/wp-content/uploads/2025/05/Moving-to-Australia-from-the-UK-advice-and-information-Abels-Relocation-Guide.pdf,1,150,0.67%,31.73
https://www.abels.co.uk/faimplus-2022-certificate/,1,149,0.67%,14.03
https://www.abels.co.uk/bar-global-shipping-conditions/,1,147,0.68%,60.58
https://www.abels.co.uk/wp-content/uploads/2017/06/RES-Report-2017-Executive-Summary-Harmony.pdf,1,143,0.7%,19.76
https://www.abels.co.uk/moving-home/cambridgeshire-removals-company/girton/,1,141,0.71%,29.73
https://www.abels.co.uk/moving-to-city/moving-to-mons/,1,139,0.72%,57.74
https://www.abels.co.uk/suffolk-removals-company/clare/,1,138,0.72%,46.88
https://www.abels.co.uk/moving-home/cambridgeshire-removals-company/caldecote/,1,135,0.74%,11.93
https://www.abels.co.uk/moving-home/suffolk-removals-company/clare/,1,133,0.75%,37.97
https://www.abels.co.uk/moving-to-leipzig/,1,127,0.79%,22.17
https://www.abels.co.uk/moving-home/suffolk-removals-company/yoxford/,1,127,0.79%,35.31
https://www.abels.co.uk/moving-to-nuremberg/,1,125,0.8%,20.69
https://www.abels.co.uk/moving-to-city/moving-to-hamilton/,1,125,0.8%,51.83
https://www.abels.co.uk/moving-to-city/moving-to-trieste/,1,124,0.81%,22.49
https://www.abels.co.uk/category/case-studies/,1,117,0.85%,37.46
https://www.abels.co.uk/moving-to-city/moving-to-dortmund/,1,115,0.87%,14.53
https://www.abels.co.uk/moving-home/moving-advice/moving-to-the-uk-new-hmrc-online-customs-clearance-process/,1,109,0.92%,19.78
https://www.abels.co.uk/suffolk-removals-company/leavenheath/,1,94,1.06%,48.64
https://www.abels.co.uk/shipping-to-zambia-changes-in-diplomatic-regulations/,1,94,1.06%,86.36
https://www.abels.co.uk/wp-content/uploads/2025/04/BAR-Avoid-the-Headache-Guide-2024.pdf,1,92,1.09%,6.91
https://www.abels.co.uk/news/diy-sos-at-great-ormond-street-hospital-abels-assists/,1,88,1.14%,13.81
https://www.abels.co.uk/news/a-look-back-at-2023-with-abels/,1,82,1.22%,7.24
https://www.abels.co.uk/abels-attends-140th-sandringham-flower-show/,1,74,1.35%,27.49
https://www.abels.co.uk/congratulations-to-joe-dods/,1,72,1.39%,13.12
https://www.abels.co.uk/moving-to-city/moving-to-sydney/,1,71,1.41%,29.9
https://www.abels.co.uk/news/moving-to-the-democratic-republic-of-congo-new-regulations-for-used-vehicle-imports/,1,70,1.43%,10.84
https://www.abels.co.uk/moving-with-pets/,1,69,1.45%,59.51
https://www.abels.co.uk/cambridgeshire-removals-company/kimbolton/,1,57,1.75%,23
https://www.abels.co.uk/downloads/relo-guides/Moving-to-Bahrain-from-the-UK-advice-and-information-Abels-Relocation-Guide.pdf,1,52,1.92%,36.21
https://www.abels.co.uk/commercial-moving-terms-and-conditions/,1,51,1.96%,6.96
https://www.abels.co.uk/news/abels-at-the-45th-haddenham-steam-show/,1,50,2%,50.48
https://www.abels.co.uk/moving-to-city/page/6/,1,50,2%,61.06
https://www.abels.co.uk/a-look-back-at-2023-with-abels/,1,47,2.13%,24.38
https://www.abels.co.uk/news/abels-attends-140th-sandringham-flower-show/,1,45,2.22%,14.2
https://www.abels.co.uk/tag/careers/,1,44,2.27%,9.2
https://www.abels.co.uk/moving-home/norfolk-removals-company/great-massingham/,1,37,2.7%,12.81
https://www.abels.co.uk/moving-home/moving-advice/make-moving-day-easy-abels-article-in-best-of-norfolk/,1,37,2.7%,14.14
https://www.abels.co.uk/news/our-partner-alex-goldstein/,1,34,2.94%,18.68
https://www.abels.co.uk/photos-of-new-2016-built-abels-removal-vehicles/,1,34,2.94%,22.94
https://www.abels.co.uk/news/congratulations-to-ben-laker/,1,33,3.03%,15.79
https://www.abels.co.uk/news/bedford-mld-restoration-story-in-best-of-norfolk/,1,31,3.23%,15.26
https://www.abels.co.uk/moving-to-morocco-casablanca-port-congestion/,1,25,4%,23.8
https://www.abels.co.uk/employee-of-the-year-2013/,1,23,4.35%,19.13
https://www.abels.co.uk/suffolk-removals-company/elmswell/,1,22,4.55%,18.45
https://www.abels.co.uk/moving-to-namur/,1,21,4.76%,22.05
https://www.abels.co.uk/category/news/page/11/,1,18,5.56%,61.28
https://www.abels.co.uk/abels-thanked-by-earthchild-charity/,1,18,5.56%,63
https://www.abels.co.uk/moving-home/norfolk-removals-company/docking/,1,15,6.67%,11
https://www.abels.co.uk/us-customs-confidentiality-request-form-missing/,1,11,9.09%,10.64
https://www.abels.co.uk/news/author/irina-d/,1,11,9.09%,16.91
https://www.abels.co.uk/moving-home/cambridgeshire-removals-company/haslingfield/,1,10,10%,13.7
https://www.abels.co.uk/tag/brighton/,1,8,12.5%,16.5
https://www.abels.co.uk/news/moving-to-the-philippines-delays-caused-by-typhoon-hainan/,1,6,16.67%,23.33
https://www.abels.co.uk/news/author/admin-rojnk/page/2/?category=all,1,6,16.67%,30.5
https://www.abels.co.uk/news/page/3/?wpmp_switcher=mobile&paged=4,1,4,25%,9
https://www.abels.co.uk/author/delia-gorgos/,1,3,33.33%,4
https://www.abels.co.uk/abels-moving-brochure/,1,1,100%,1
https://www.abels.co.uk/news/greece-24-hour-strike/,1,1,100%,1
https://www.abels.co.uk/news/author/admin-rojnk/?category=news,1,1,100%,7
https://www.abels.co.uk/moving-to-canada/,0,29197,0%,47.99
https://www.abels.co.uk/commercial-moves/,0,23244,0%,42.54
https://www.abels.co.uk/country-guides/moving-to-canada/,0,22861,0%,59.34
https://www.abels.co.uk/moving-to-sweden/,0,21058,0%,47.43
https://www.abels.co.uk/moving-to-the-uk/,0,15457,0%,11.62
https://www.abels.co.uk/hertfordshire-removals-company/cheshunt/,0,10920,0%,40.75
https://www.abels.co.uk/london-removals-company/fulham/,0,10667,0%,52.66
https://www.abels.co.uk/moving-to-australia/,0,10048,0%,73.47
https://www.abels.co.uk/moving-to-argentina-customs-changes/,0,9036,0%,39.38
https://www.abels.co.uk/country-guides/moving-to-switzerland/,0,5774,0%,66.53
https://www.abels.co.uk/news/investors-in-people-what-do-they-mean/,0,5518,0%,23.41
https://www.abels.co.uk/moving-home/london-removals-company/st-james-s/,0,5149,0%,10.53
https://www.abels.co.uk/removals-company-westminster/,0,5004,0%,63.74
https://www.abels.co.uk/london-removals-company/north-finchley/,0,4287,0%,45.18
https://www.abels.co.uk/moving-home/cambridgeshire-removals-company/romsey/,0,3223,0%,27.65
https://www.abels.co.uk/moving-to-city/moving-to-london-canada/,0,3198,0%,47.62
https://www.abels.co.uk/moving-home/hertfordshire-removals-company/borehamwood/,0,3125,0%,20.72
https://www.abels.co.uk/moving-to-halifax-canada/,0,3027,0%,55.75
https://www.abels.co.uk/country-guides/moving-to-denmark/,0,2984,0%,77.25
https://www.abels.co.uk/country-guides/moving-to-germany/,0,2749,0%,76.44
https://www.abels.co.uk/moving-home/norfolk-removals-company/burnham-market/,0,2607,0%,35.35
https://www.abels.co.uk/downloads/relo-guides/Moving-to-India-from-the-UK-advice-and-information-Abels-Relocation-Guide.pdf,0,2591,0%,78.88
https://www.abels.co.uk/moving-to-city/moving-to-hamilton-canada/,0,2378,0%,33.65
https://www.abels.co.uk/moving-home/london-removals-company/st-johns-wood/,0,2339,0%,15.65
https://www.abels.co.uk/moving-to-city/moving-to-victoria-canada/,0,2298,0%,18.39
https://www.abels.co.uk/downloads/relo-guides/Moving-to-Chile-from-the-UK-advice-and-information-Abels-Relocation-Guide.pdf,0,2101,0%,51.62
https://www.abels.co.uk/moving-to-brussels/,0,2053,0%,34.37
https://www.abels.co.uk/cambridgeshire-removals-company/romsey/,0,2018,0%,29.71
https://www.abels.co.uk/business-services/document-storage/,0,1831,0%,77.34
https://www.abels.co.uk/moving-to-toronto/,0,1818,0%,39.5
https://www.abels.co.uk/downloads/relo-guides/Moving-to-Mauritius-from-the-UK-advice-and-information-Abels-Relocation-Guide.pdf,0,1793,0%,52.48
https://www.abels.co.uk/moving-to-hong-kong/,0,1771,0%,33.54
https://www.abels.co.uk/moving-to-kuwait-customs-regulations-update/,0,1754,0%,45.06
https://www.abels.co.uk/moving-to-tauranga/,0,1747,0%,13.44
https://www.abels.co.uk/moving-to-city/moving-to-ghent/,0,1709,0%,22.53
https://www.abels.co.uk/moving-to-victoria-canada/,0,1678,0%,35.2
https://www.abels.co.uk/moving-home/london-removals-company/holland-park/,0,1660,0%,14.72
https://www.abels.co.uk/moving-home/hertfordshire-removals-company/brookmans-park/,0,1579,0%,31.92
https://www.abels.co.uk/country-guides/moving-to-dubai/,0,1568,0%,45.67
https://www.abels.co.uk/hertfordshire-removals-company/brookmans-park/,0,1483,0%,62.75
https://www.abels.co.uk/country-guides/moving-to-norway/,0,1478,0%,60.77
https://www.abels.co.uk/moving-to-perth/,0,1467,0%,69.71
https://www.abels.co.uk/london-removals-company/st-johns-wood/,0,1446,0%,15.84
https://www.abels.co.uk/moving-to-china/,0,1438,0%,24.29
https://www.abels.co.uk/moving-to-city/moving-to-liege/,0,1434,0%,9.22
https://www.abels.co.uk/moving-to-dunedin/,0,1191,0%,24.21
https://www.abels.co.uk/moving-to-montreal/,0,1183,0%,22.37
https://www.abels.co.uk/moving-to-city/moving-to-cannes/,0,1159,0%,11.17
https://www.abels.co.uk/moving-home/london-removals-company/camden/,0,1109,0%,33.51
https://www.abels.co.uk/moving-to-adelaide-from-the-uk/,0,1098,0%,29.26
https://www.abels.co.uk/countries/moving-to-finland/,0,1092,0%,33.35
https://www.abels.co.uk/commercial-moves/document-storage/,0,1089,0%,53.81
https://www.abels.co.uk/moving-to-palmerston-north/,0,1073,0%,10.6
https://www.abels.co.uk/moving-to-city/moving-to-montreal/,0,1062,0%,17.31
https://www.abels.co.uk/moving-to-city/moving-to-winnipeg/,0,1056,0%,35.47
https://www.abels.co.uk/moving-to-canberra/,0,1053,0%,54.56
https://www.abels.co.uk/suffolk-removals-company/martlesham/,0,1032,0%,18.78
https://www.abels.co.uk/moving-to-city/moving-to-canberra/,0,1012,0%,14.81
https://www.abels.co.uk/moving-to-sydney/,0,1002,0%,81.11
https://www.abels.co.uk/news/how-much-does-it-cost-to-move-house-in-the-uk/,0,1000,0%,20.46
https://www.abels.co.uk/moving-to-dusseldorf/,0,924,0%,19.54
https://www.abels.co.uk/london-removals-company/holland-park/,0,923,0%,22.48
https://www.abels.co.uk/moving-to-vancouver/,0,877,0%,31.77
https://www.abels.co.uk/moving-to-city/moving-to-vancouver/,0,876,0%,22.16
https://www.abels.co.uk/moving-to-the-leeward-islands/,0,857,0%,41.6
https://www.abels.co.uk/moving-to-london-canada/,0,851,0%,80.35
https://www.abels.co.uk/moving-to-brisbane/,0,817,0%,47.26
https://www.abels.co.uk/wp-content/uploads/2025/05/Moving-to-Philippines-from-the-UK-advice-and-information-Abels-Relocation-Guide.pdf,0,804,0%,12.63
https://www.abels.co.uk/moving-guides/moving-to-auckland-from-the-uk/,0,800,0%,20
https://www.abels.co.uk/downloads/relo-guides/Moving-to-China-from-the-UK-advice-and-information-Abels-Relocation-Guide.pdf,0,796,0%,78.44
https://www.abels.co.uk/moving-guides/moving-from-the-uk-to-switzerland/,0,773,0%,29.76
https://www.abels.co.uk/moving-to-auckland-from-the-uk/,0,765,0%,61.07
https://www.abels.co.uk/downloads/relo-guides/Moving-to-Barbados-from-the-UK-advice-and-information-Abels-Relocation-Guide.pdf,0,744,0%,47.2
https://www.abels.co.uk/news/advantages-using-full-service-storage-london/,0,726,0%,6.06
https://www.abels.co.uk/moving-to-hamilton/,0,708,0%,34.86
https://www.abels.co.uk/moving-to-berlin/,0,660,0%,50.15
https://www.abels.co.uk/wp-content/uploads/2025/05/Moving-to-Bahrain-from-the-UK-advice-and-information-Abels-Relocation-Guide.pdf,0,659,0%,30.29
https://www.abels.co.uk/moving-home/hertfordshire-removals-company/moor-park/,0,632,0%,11.88
https://www.abels.co.uk/moving-to-city/moving-to-perth/,0,616,0%,42.55
https://www.abels.co.uk/moving-to-city/moving-to-rotorua/,0,599,0%,4.68
https://www.abels.co.uk/moving-home/moving-advice/moving-guidance-tips-abels-removals/,0,568,0%,51.38
https://www.abels.co.uk/moving-abroad/moving-to-the-uk/moving-to-buckinghamshire/,0,533,0%,41.93
https://www.abels.co.uk/news/shipping-to-equatorial-guinea-delays-expected/,0,533,0%,83.76
https://www.abels.co.uk/moving-to-germany/,0,507,0%,74.69
https://www.abels.co.uk/moving-to-city/moving-to-dunedin/,0,462,0%,10.4
https://www.abels.co.uk/moving-to-city/moving-to-kitchener/,0,461,0%,45.58
https://www.abels.co.uk/downloads/relo-guides/Moving-to-Kuwait-from-the-UK-advice-and-information-Abels-Relocation-Guide.pdf,0,430,0%,59.43
https://www.abels.co.uk/moving-abroad/moving-to-the-uk/moving-to-cardiff-wales/,0,429,0%,41.84
https://www.abels.co.uk/moving-to-rome/,0,411,0%,24.28
https://www.abels.co.uk/moving-to-liege/,0,410,0%,9.93
https://www.abels.co.uk/moving-to-city/moving-to-hannover/,0,410,0%,11.65
https://www.abels.co.uk/moving-guides/moving-to-adelaide-from-the-uk/,0,399,0%,34.34
https://www.abels.co.uk/moving-to-ghent/,0,389,0%,18.46
https://www.abels.co.uk/moving-to-city/moving-to-tauranga/,0,384,0%,7.73
https://www.abels.co.uk/moving-abroad/moving-to-the-uk/moving-to-stevenage/,0,382,0%,33.68
https://www.abels.co.uk/moving-to-dubai/,0,374,0%,44.98
https://www.abels.co.uk/moving-home/moving-advice/moving-with-children/,0,358,0%,60.34
https://www.abels.co.uk/moving-abroad/moving-to-the-uk/moving-to-birmingham/,0,340,0%,61.17
https://www.abels.co.uk/hertfordshire-removals-company/moor-park/,0,328,0%,16.33
https://www.abels.co.uk/shipping-to-morocco-restrictions-on-used-vehicles/,0,328,0%,33.7
https://www.abels.co.uk/moving-to-city/moving-to-dresden/,0,320,0%,10.72
https://www.abels.co.uk/moving-home/cambridgeshire-removals-company/impington/,0,316,0%,8.41
https://www.abels.co.uk/our-partner-alex-goldstein/,0,316,0%,16.48
https://www.abels.co.uk/hertfordshire-removals-company/bushey/,0,310,0%,22.56
https://www.abels.co.uk/hertfordshire-removals-company/borehamwood/,0,307,0%,15.88
https://www.abels.co.uk/moving-to-city/moving-to-venice/,0,302,0%,24.24
https://www.abels.co.uk/moving-home/suffolk-removals-company/leavenheath/,0,302,0%,43.77
https://www.abels.co.uk/mitsui-osk-lines-mol-comfort-ship-sinks-off-yemen-while-jeddah-bound/,0,300,0%,56.05
https://www.abels.co.uk/moving-to-frankfurt/,0,289,0%,43.78
https://www.abels.co.uk/wp-content/uploads/2025/05/Moving-to-the-USA-from-the-UK-Information-and-Advice-Abels-Relocation-Guide.pdf,0,278,0%,63.03
https://www.abels.co.uk/moving-to-city/moving-to-wuppertal/,0,255,0%,21.96
https://www.abels.co.uk/news/royal-warrant-appointment-extended-for-abels/,0,255,0%,53.93
https://www.abels.co.uk/moving-to-new-york-maher-terminal-container-congestion-continues/,0,254,0%,33.89
https://www.abels.co.uk/mauritius-country-briefing/,0,250,0%,27.35
https://www.abels.co.uk/moving-to-rotorua/,0,249,0%,7.22
https://www.abels.co.uk/news/abels-attends-141st-sandringham-flower-show/,0,237,0%,44.25
https://www.abels.co.uk/wp-content/uploads/2025/05/Moving-to-Singapore-from-the-UK-advice-and-information-Abels-Relocation-Guide.pdf,0,236,0%,25.35
https://www.abels.co.uk/moving-home/moving-advice/moving-to-china-packing-fragiles-with-books-and-electronics/,0,232,0%,67.19
https://www.abels.co.uk/moving-to-calgary/,0,230,0%,20.41
https://www.abels.co.uk/london-removals-company/highgate/,0,226,0%,26.54
https://www.abels.co.uk/abels-bedford-mld-truck-in-vintage-roadscene-magazine/,0,220,0%,44.79
https://www.abels.co.uk/dp-world-london-gateway-deep-water-container-port/,0,219,0%,65.59
https://www.abels.co.uk/environmental-policy/,0,210,0%,19.95
https://www.abels.co.uk/euro-6-new-engine-specification/,0,209,0%,85.23
https://www.abels.co.uk/moving-to-hannover/,0,198,0%,36.07
https://www.abels.co.uk/moving-to-city/moving-to-stuttgart/,0,196,0%,23.58
https://www.abels.co.uk/moving-to-essen/,0,196,0%,29.87
https://www.abels.co.uk/moving-to-bielefeld/,0,195,0%,28.83
https://www.abels.co.uk/moving-to-qatar-shipping-via-updated-routes/,0,192,0%,36.89
https://www.abels.co.uk/norfolk-removals-company/sandringham/,0,185,0%,31.18
https://www.abels.co.uk/moving-to-city/moving-to-essen/,0,184,0%,27.39
https://www.abels.co.uk/moving-guides/sri-lanka-country-briefing/,0,181,0%,23.06
https://www.abels.co.uk/fine-country-international-day/,0,180,0%,36.56
https://www.abels.co.uk/hertfordshire-removals-company/much-hadham/,0,179,0%,64.29
https://www.abels.co.uk/moving-to-city/moving-to-hobart/,0,178,0%,55.45
https://www.abels.co.uk/news/hidden-complexities-moving-fine-art-overlooked/,0,177,0%,12.88
https://www.abels.co.uk/moving-to-city/moving-to-mechelen/,0,177,0%,51.69
https://www.abels.co.uk/moving-to-shanghai-in-china-customs-requirements/,0,175,0%,74.71
https://www.abels.co.uk/moving-home/hertfordshire-removals-company/much-hadham/,0,174,0%,68.78
https://www.abels.co.uk/news/moving-to-sierra-leone-advanced-cargo-declaration/,0,172,0%,54.16
https://www.abels.co.uk/customs-officers-strike-in-brazil/,0,167,0%,43.44
https://www.abels.co.uk/moving-to-chile-3-day-government-employees-strike/,0,167,0%,88.22
https://www.abels.co.uk/moving-to-the-philippines-manila-truck-driving-restrictions/,0,166,0%,48.08
https://www.abels.co.uk/news/foreign-trucks-now-charged-for-driving-on-uk-roads/,0,160,0%,23.07
https://www.abels.co.uk/tunis-port-congestion-for-shipping-to-tunisia-update/,0,159,0%,90.08
https://www.abels.co.uk/moving-to-ottawa/,0,157,0%,23.2
https://www.abels.co.uk/category/events/,0,154,0%,10.93
https://www.abels.co.uk/moving-abroad/moving-to-the-uk/moving-to-aldeburgh/,0,150,0%,19.53
https://www.abels.co.uk/abels-attends-event-at-chelsea-fc/,0,150,0%,52.08
https://www.abels.co.uk/moving-to-city/moving-to-mannheim/,0,149,0%,14.79
https://www.abels.co.uk/kenya-country-briefing/,0,140,0%,31.25
https://www.abels.co.uk/abels-moving-services-takes-part-in-the-hcvs-london-to-brighton-run-2022/,0,140,0%,49.83
https://www.abels.co.uk/abels-attends-the-elite-london-event/,0,138,0%,48.09
https://www.abels.co.uk/moving-to-city/moving-to-reggio-calabria/,0,136,0%,28.54
https://www.abels.co.uk/qatar-country-briefing/,0,135,0%,45.5
https://www.abels.co.uk/moving-to-dortmund/,0,134,0%,29.97
https://www.abels.co.uk/moving-to-stuttgart/,0,134,0%,34.84
https://www.abels.co.uk/moving-to-new-plymouth/,0,134,0%,37.97
https://www.abels.co.uk/abels-makes-top-11-list-of-removers/,0,130,0%,50.28
https://www.abels.co.uk/moving-to-china-delays-in-customs-clearance/,0,130,0%,87.81
https://www.abels.co.uk/sworders-fine-art-partnership-the-guinness-sale-at-elveden/,0,127,0%,26.8
https://www.abels.co.uk/downloads/relo-guides/Moving-to-New-Zealand-from-the-UK-advice-and-information-Abels-Relocation-Guide.pdf,0,124,0%,62.67
https://www.abels.co.uk/moving-to-bologna/,0,123,0%,21.4
https://www.abels.co.uk/suffolk-removals-company/barrow/,0,120,0%,58.84
https://www.abels.co.uk/moving-abroad/moving-to-the-uk/moving-to-kings-lynn/,0,116,0%,59.09
https://www.abels.co.uk/moving-to-city/moving-to-quebec/,0,116,0%,68.33
https://www.abels.co.uk/news/abels-moving-services-sponsor-biid-uk-interior-design-awards/,0,115,0%,27.64
https://www.abels.co.uk/wp-content/uploads/2025/05/Moving-to-Canada-from-the-UK-advice-and-information-Abels-Relocation-Guide.pdf,0,113,0%,25.29
https://www.abels.co.uk/moving-to-bochum/,0,111,0%,32.32
https://www.abels.co.uk/moving-to-city/moving-to-calgary/,0,110,0%,33.81
https://www.abels.co.uk/moving-home/moving-advice/moving-to-china-change-in-residence-license-application-process/,0,110,0%,48.05
https://www.abels.co.uk/moving-to-qatar-container-operations-move-from-doha-port-to-hamad-port/,0,108,0%,47.44
https://www.abels.co.uk/news/sworders-fine-art-partnership-the-guinness-sale-at-elveden/,0,103,0%,15.31
https://www.abels.co.uk/moving-to-spa/,0,102,0%,51.59
https://www.abels.co.uk/cambridgeshire-removals-company/impington/,0,100,0%,6.65
https://www.abels.co.uk/moving-to-city/moving-to-brisbane/,0,100,0%,47.06
https://www.abels.co.uk/cambridgeshire-removals-company/comberton/,0,99,0%,18.02
https://www.abels.co.uk/moving-home/cambridgeshire-removals-company/harston/,0,99,0%,45.81
https://www.abels.co.uk/moving-to-city/moving-to-berlin/,0,95,0%,41.66
https://www.abels.co.uk/news/abels-signs-armed-forces-covenant/,0,91,0%,18.57
https://www.abels.co.uk/abels-bedford-mld-attends-haverhill-historic-transport-rally-and-road-run/,0,91,0%,69.9
https://www.abels.co.uk/norfolk-removals-company/brancaster/,0,90,0%,33.22
https://www.abels.co.uk/downloads/relo-guides/Moving-to-Canada-from-the-UK-advice-and-information-Abels-Relocation-Guide.pdf,0,90,0%,45.09
https://www.abels.co.uk/malaysia-country-briefing/,0,88,0%,45.58
https://www.abels.co.uk/suffolk-removals-company/yoxford/,0,84,0%,47.17
https://www.abels.co.uk/news/international-office-relocation-benefits-specialist-services/,0,83,0%,26.96
https://www.abels.co.uk/moving-home/cambridgeshire-removals-company/stapleford/,0,83,0%,29.47
https://www.abels.co.uk/moving-to-saudi-arabia-jeddah-port-experiences-delays-and-congestion/,0,82,0%,61.06
https://www.abels.co.uk/moving-to-city/moving-to-bielefeld/,0,80,0%,12.34
https://www.abels.co.uk/data-protection-and-privacy-policy/,0,80,0%,18.71
https://www.abels.co.uk/shipping-to-morocco-changes-made-by-shipping-lines/,0,79,0%,34.16
https://www.abels.co.uk/abels-40-year-long-service-award-for-les-woods/,0,78,0%,10.28
https://www.abels.co.uk/moving-to-city/moving-to-ottawa/,0,77,0%,10.61
https://www.abels.co.uk/moving-to-city/moving-to-bologna/,0,76,0%,14.97
https://www.abels.co.uk/moving-to-duisburg/,0,74,0%,19.34
https://www.abels.co.uk/moving-to-city/moving-to-frankfurt/,0,74,0%,28.42
https://www.abels.co.uk/moving-home/suffolk-removals-company/lavenham/,0,74,0%,30.89
https://www.abels.co.uk/moving-abroad/moving-to-the-uk/moving-to-welwyn-garden-city/,0,72,0%,51.42
https://www.abels.co.uk/moving-to-aldeburgh/,0,71,0%,12.65
https://www.abels.co.uk/moving-to-bonn/,0,70,0%,25.84
https://www.abels.co.uk/moving-to-city/moving-to-bremen/,0,70,0%,45.39
https://www.abels.co.uk/tag/accreditation/,0,69,0%,7.04
https://www.abels.co.uk/moving-to-and-from-qatar-port-and-customs-delays/,0,67,0%,49.39
https://www.abels.co.uk/moving-home/cambridgeshire-removals-company/duxford/,0,67,0%,61.73
https://www.abels.co.uk/moving-to-india-mumbai-on-alert-due-to-heavy-rains/,0,67,0%,69.25
https://www.abels.co.uk/moving-to-norway/,0,66,0%,67.61
https://www.abels.co.uk/2016-bonhams-london-to-brighton-veteran-car-run-live-coverage/,0,65,0%,47.88
https://www.abels.co.uk/moving-to-city/moving-to-dusseldorf/,0,64,0%,10.27
https://www.abels.co.uk/moving-abroad/moving-to-the-uk/moving-to-leeds/,0,64,0%,63.25
https://www.abels.co.uk/abels-is-proud-to-support-the-veteran-car-run-2021/,0,63,0%,41.95
https://www.abels.co.uk/gaining-access-to-your-property-on-moving-day/,0,62,0%,22.77
https://www.abels.co.uk/domestic-ppc/,0,61,0%,12.44
https://www.abels.co.uk/moving-to-japan-customs-24-advance-manifest-rule/,0,61,0%,50.75
https://www.abels.co.uk/moving-to-bremen/,0,60,0%,69.47
https://www.abels.co.uk/downloads/relo-guides/Moving-to-Kenya-from-the-UK-advice-and-information-Abels-Relocation-Guide.pdf,0,59,0%,75.85
https://www.abels.co.uk/moving-to-usa-west-coast-port-congestion-anchored-vessels/,0,58,0%,58.45
https://www.abels.co.uk/moving-to-genoa/,0,57,0%,45.4
https://www.abels.co.uk/news/what-,0,56,0%,8.5
https://www.abels.co.uk/moving-to-city/moving-to-Bastogne/,0,56,0%,39.75
https://www.abels.co.uk/moving-to-qatar-shipping-services-suspended/,0,55,0%,43.62
https://www.abels.co.uk/moving-to-city/moving-to-antwerp/,0,52,0%,10.04
https://www.abels.co.uk/abels-quartet-are-drivers-in-a-million/,0,51,0%,37.65
https://www.abels.co.uk/central-african-republic-car-now-requires-a-cargo-tracking-note/,0,51,0%,56.57
https://www.abels.co.uk/news/christmas/,0,50,0%,8.44
https://www.abels.co.uk/moving-to-china-change-in-residence-license-application-process/,0,50,0%,71.9
https://www.abels.co.uk/moving-to-new-york-maher-terminal-container-congestion/,0,49,0%,47.04
https://www.abels.co.uk/wp-content/uploads/2025/05/Moving-to-Trinidad-and-Tobago-from-the-UK-advice-and-information-Abels-Relocation-Guide.pdf,0,48,0%,32.4
https://www.abels.co.uk/moving-home/moving-house-thank-you/,0,47,0%,20.57
https://www.abels.co.uk/news/sustainability-and-environmental-policies/,0,47,0%,22.34
https://www.abels.co.uk/diy-sos-at-great-ormond-street-hospital-abels-assists/,0,47,0%,30.6
https://www.abels.co.uk/abels-anti-bribery-and-corruption-policy/,0,47,0%,37.32
https://www.abels.co.uk/hapag-lloyd-and-uasc-have-completed-their-merger/,0,47,0%,55.09
https://www.abels.co.uk/news/tag/sandringham/,0,47,0%,70.47
https://www.abels.co.uk/news/abels-senior-driver-receives-iru-diploma-dhonneur-medal-and-pin/,0,46,0%,6.5
https://www.abels.co.uk/news/gaining-access-to-your-property-on-moving-day/,0,45,0%,7.49
https://www.abels.co.uk/tag/moving-services/feed/,0,45,0%,24.84
https://www.abels.co.uk/news/tag/warehouse/,0,45,0%,62.13
https://www.abels.co.uk/abels-bedford-mld-attends-euston-rural-pastimes-event/,0,44,0%,70.52
https://www.abels.co.uk/moving-to-city/moving-to-namur/,0,43,0%,42.58
https://www.abels.co.uk/moving-to-cameroon-congestion-at-douala-port/,0,43,0%,44.09
https://www.abels.co.uk/moving-to-city/moving-to-florence/,0,42,0%,13.67
https://www.abels.co.uk/moving-and-transporting-pianos/,0,42,0%,56.86
https://www.abels.co.uk/news/tag/chelsea/,0,42,0%,64.45
https://www.abels.co.uk/moving-to-city/moving-to-turin/,0,41,0%,23.88
https://www.abels.co.uk/news/author/heather/,0,41,0%,52.32
https://www.abels.co.uk/moving-home/suffolk-removals-company/bures/,0,40,0%,5.58
https://www.abels.co.uk/foreign-trucks-now-charged-for-driving-on-uk-roads/,0,40,0%,26.95
https://www.abels.co.uk/moving-to-leeds/,0,40,0%,31.12
https://www.abels.co.uk/moving-to-mons/,0,40,0%,42.15
https://www.abels.co.uk/moving-to-the-uk-new-hmrc-online-customs-clearance-process/,0,40,0%,47.42
https://www.abels.co.uk/news/advanced-payment-certificate/,0,40,0%,49.48
https://www.abels.co.uk/news/abels-bedford-mld-truck-in-classic-and-vintage-commercials-magazine/,0,39,0%,11.03
https://www.abels.co.uk/moving-to-city/moving-to-melbourne/,0,39,0%,21.69
https://www.abels.co.uk/moving-to-edinburgh-scotland/,0,39,0%,25.26
https://www.abels.co.uk/moving-to-turin/,0,39,0%,27.9
https://www.abels.co.uk/moving-to-naples/,0,39,0%,30.18
https://www.abels.co.uk/norfolk-removals-company/great-massingham/,0,39,0%,36.56
https://www.abels.co.uk/downloads/relo-guides/Moving-to-the-USA-from-the-UK-Information-and-Advice-Abels-Relocation-Guide.pdf,0,39,0%,57.64
https://www.abels.co.uk/moving-to-kitchener/,0,39,0%,69.56
https://www.abels.co.uk/news/what-look-luxury-vehicle-storage-facility/,0,38,0%,14.11
https://www.abels.co.uk/moving-to-city/moving-to-naples/,0,37,0%,16.11
https://www.abels.co.uk/moving-to-quebec/,0,37,0%,42.51
https://www.abels.co.uk/moving-home/norfolk-removals-company/walsingham/,0,37,0%,48.51
https://www.abels.co.uk/moving-to-portugal-national-strike-alert-portuguese-ports/,0,37,0%,81.51
https://www.abels.co.uk/cambridgeshire-removals-company/stapleford/,0,36,0%,42.11
https://www.abels.co.uk/moving-to-city/moving-to-new-plymouth/,0,35,0%,26.29
https://www.abels.co.uk/res-forum-2017-annual-report/,0,35,0%,34.8
https://www.abels.co.uk/abels-historical-fleet-events-schedule/,0,35,0%,62.86
https://www.abels.co.uk/news/tag/potters-bar/,0,34,0%,11.24
https://www.abels.co.uk/sustainability-and-environmental-policies/,0,34,0%,25.56
https://www.abels.co.uk/customs-clearance-changes-for-new-caledonia-regarding-vehicles-and-alcohol-allowances/,0,34,0%,35.56
https://www.abels.co.uk/moving-to-reggio-calabria/,0,34,0%,36.74
https://www.abels.co.uk/abels-moving-services-attends-weeting-steam-engine-rally-and-country-show-2022/,0,34,0%,40
https://www.abels.co.uk/news/tag/montreal-shipping/,0,34,0%,51.35
https://www.abels.co.uk/abels-bedford-mld-attends-hockwold-country-fair/,0,33,0%,10.3
https://www.abels.co.uk/moving-home/cambridgeshire-removals-company/meldreth/,0,32,0%,12.41
https://www.abels.co.uk/news/antique-pieces-require-specialist-moving-services/,0,32,0%,13.22
https://www.abels.co.uk/moving-home/cambridgeshire-removals-company/kimbolton/,0,32,0%,14.12
https://www.abels.co.uk/moving-to-florence/,0,32,0%,21.09
https://www.abels.co.uk/moving-home/hertfordshire-removals-company/bayford/,0,32,0%,28.94
https://www.abels.co.uk/moving-home/norfolk-removals-company/sandringham/,0,32,0%,43.5
https://www.abels.co.uk/tag/investors-in-people/feed/,0,32,0%,55.56
https://www.abels.co.uk/news/london-2012-olympic-organisers-release-infrastructure-hotspot-information/,0,32,0%,80.38
https://www.abels.co.uk/moving-to-mechelen/,0,32,0%,83.41
https://www.abels.co.uk/news/author/admin-rojnk/,0,31,0%,6.94
https://www.abels.co.uk/moving-home/local-national-moves/,0,31,0%,9.74
https://www.abels.co.uk/shipping-to-tunis-tunisia-port-congestion-advice/,0,31,0%,39.71
https://www.abels.co.uk/suffolk-removals-company/felixstowe/,0,30,0%,19.8
https://www.abels.co.uk/suffolk-removals-company/bures/,0,30,0%,24.5
https://www.abels.co.uk/moving-home/suffolk-removals-company/barrow/,0,30,0%,33.57
https://www.abels.co.uk/moving-to-south-of-france/,0,30,0%,48
https://www.abels.co.uk/india-port-congestion-update/,0,30,0%,64
https://www.abels.co.uk/moving-to-huntingdon/,0,29,0%,6.31
https://www.abels.co.uk/abels-donates-boxes-to-godmanchester-foodbank/,0,28,0%,55.68
https://www.abels.co.uk/moving-guides/bahamas-country-briefing/,0,27,0%,26.78
https://www.abels.co.uk/news/abels-awarded-iso-14001-certification-on-environmental-management/,0,27,0%,53.89
https://www.abels.co.uk/news/moving-to-north-america-delays-at-norfolk-international-terminals-in-virginia/,0,27,0%,57.56
https://www.abels.co.uk/hanmer-springs-earthquake-wellington-new-zealand-shipping-delays/,0,26,0%,91.69
https://www.abels.co.uk/moving-to-buckinghamshire/,0,25,0%,57.72
https://www.abels.co.uk/moving-home/fine-art-and-antiques-removals-2/,0,24,0%,13.79
https://www.abels.co.uk/moving-to-city/moving-to-spa/,0,24,0%,24.92
https://www.abels.co.uk/moving-to-city/page/3/,0,24,0%,59.17
https://www.abels.co.uk/eid-mubarak-happy-holiday-from-abels/,0,24,0%,62.62
https://www.abels.co.uk/moving-home/cambridgeshire-removals-company/great-shelford/,0,23,0%,26.04
https://www.abels.co.uk/moving-to-beijing-customs-regulation-changes/,0,23,0%,45.26
https://www.abels.co.uk/category/moving-advice/,0,23,0%,72
https://www.abels.co.uk/news/storage-solutions-for-moving-home/,0,22,0%,7.59
https://www.abels.co.uk/news/author/delia-gorgos/?category=news,0,22,0%,8.18
https://www.abels.co.uk/cambridgeshire-removals-company/haslingfield/,0,22,0%,13.59
https://www.abels.co.uk/withdrawal-of-50-notes-with-sir-john-houblon/,0,22,0%,19.55
https://www.abels.co.uk/moving-to-city/moving-to-leipzig/,0,22,0%,34.45
https://www.abels.co.uk/moving-home/moving-advice/moving-to-india-goods-and-services-tax/,0,22,0%,56.91
https://www.abels.co.uk/moving-to-india-delays-advised-into-mumbai-port/,0,22,0%,80.45
https://www.abels.co.uk/news/photos-of-new-2016-built-abels-removal-vehicles/,0,21,0%,4.33
https://www.abels.co.uk/news/the-new-abels-website-goes-live/,0,21,0%,6.57
https://www.abels.co.uk/news/page/4/?wpmp_switcher=mobile,0,21,0%,9.9
https://www.abels.co.uk/news/abels-donates-boxes-to-godmanchester-foodbank/,0,21,0%,13.33
https://www.abels.co.uk/news/european-union-advanced-manifest-ruling/,0,21,0%,13.48
https://www.abels.co.uk/news/london-regent-street-motor-show-2015/,0,21,0%,17.14
https://www.abels.co.uk/moving-abroad/thank-you/,0,21,0%,19.05
https://www.abels.co.uk/moving-home/suffolk-removals-company/great-blakenham/,0,21,0%,25.76
https://www.abels.co.uk/abels-welcomes-diane-hayden-as-customer-service-manager/,0,21,0%,36.71
https://www.abels.co.uk/abels-helps-the-hamlet-centre-charity-move-home/,0,21,0%,40.33
https://www.abels.co.uk/moving-to-india-port-strike-in-nhava-sheva/,0,21,0%,44.9
https://www.abels.co.uk/tag/hcvs/,0,20,0%,18.65
https://www.abels.co.uk/news/author/heather/page/2/,0,20,0%,78.25
https://www.abels.co.uk/news/tag/careers/,0,19,0%,10.79
https://www.abels.co.uk/news/author/heather/?category=case-studies&paged=1,0,19,0%,59.63
https://www.abels.co.uk/msc-maersk-line-and-cma-cgm-to-establish-an-operational-alliance/,0,19,0%,62.16
https://www.abels.co.uk/abels-attends-bbcs-diy-sos-big-build-reveal/,0,19,0%,67.47
https://www.abels.co.uk/category/news/page/7/,0,18,0%,7.83
https://www.abels.co.uk/category/news/page/3/,0,18,0%,10.83
https://www.abels.co.uk/abels-at-the-45th-haddenham-steam-show/,0,18,0%,62.83
https://www.abels.co.uk/moving-to-riyadh-saudi-arabia-port-delays-due-to-congestion/,0,18,0%,80.61
https://www.abels.co.uk/news/professional-installation-art-handling-interior-designers/,0,17,0%,8.35
https://www.abels.co.uk/news/moving-to-usa-west-coast-port-congestion-photos/,0,17,0%,19.41
https://www.abels.co.uk/moving-to-city/moving-to-cologne/,0,17,0%,33.35
https://www.abels.co.uk/make-moving-day-easy-abels-article-in-best-of-norfolk/,0,17,0%,37.88
https://www.abels.co.uk/moving-to-city/page/7/,0,17,0%,47.82
https://www.abels.co.uk/abels-helps-diy-sos-big-build-with-great-ormond-street-project/,0,16,0%,51.12
https://www.abels.co.uk/moving-guides/seychelles-visa-briefing/,0,16,0%,51.75
https://www.abels.co.uk/news/tag/hertford/,0,16,0%,69
https://www.abels.co.uk/moving-to-israel-port-ashdod-temporary-closures/,0,16,0%,72.19
https://www.abels.co.uk/moving-to-italy-trucking-companies-strike/,0,16,0%,74.31
https://www.abels.co.uk/suffolk-removals-company/great-blakenham/,0,15,0%,16.07
https://www.abels.co.uk/abels-senior-driver-receives-iru-diploma-dhonneur-medal-and-pin/,0,15,0%,35.93
https://www.abels.co.uk/driving-ban-in-italy-new/,0,15,0%,47.07
https://www.abels.co.uk/moving-to-city/moving-to-nelson/,0,14,0%,7.79
https://www.abels.co.uk/news/what-is-white-glove-moving-service/,0,14,0%,7.93
https://www.abels.co.uk/category/news/page/10/,0,14,0%,18.86
https://www.abels.co.uk/mike-pilch-35-years-long-service-award/,0,14,0%,19.79
https://www.abels.co.uk/moving-to-india-nationwide-dockworker-strike/,0,14,0%,41.07
https://www.abels.co.uk/moving-home/moving-advice/moving-with-pets/,0,14,0%,49.79
https://www.abels.co.uk/jamaica-country-briefing/,0,14,0%,52.43
https://www.abels.co.uk/chairman-john-guilford-retires-following-18-years-service/,0,14,0%,58.21
https://www.abels.co.uk/moving-to-nigeria-imports-into-nigeria/,0,14,0%,65.43
https://www.abels.co.uk/news/author/admin-rojnk/?category=news&paged=11,0,13,0%,4.85
https://www.abels.co.uk/norfolk-removals-company/blakeney/,0,13,0%,5.31
https://www.abels.co.uk/wp-content/uploads/2025/05/LRQA-ISO14001-Abels-Moving-Services-2026.pdf,0,13,0%,8.54
https://www.abels.co.uk/news/author/delia-gorgos/,0,13,0%,13.54
https://www.abels.co.uk/moving-to-antwerp/,0,13,0%,16.38
https://www.abels.co.uk/news/h-m-revenue-customs-approves-abels-brandon-facility/,0,13,0%,20.54
https://www.abels.co.uk/moving-home/norfolk-removals-company/thornham/,0,13,0%,26.54
https://www.abels.co.uk/moving-to-city/,0,13,0%,29.15
https://www.abels.co.uk/news/author/netmatters/?category=all,0,13,0%,29.77
https://www.abels.co.uk/moving-to-the-congo-port-increases-pointe-noire/,0,13,0%,34.92
https://www.abels.co.uk/moving-to-north-america-impact-of-winter-weather/,0,13,0%,38.23
https://www.abels.co.uk/regent-street-motor-show-2016-abels-attending/,0,13,0%,48.31
https://www.abels.co.uk/moving-to-india-delays-due-to-riots/,0,13,0%,75.77
https://www.abels.co.uk/moving-to-australia-australia-day-holiday/,0,13,0%,92.46
https://www.abels.co.uk/marine-insurance-in-a-changing-world/,0,12,0%,14.67
https://www.abels.co.uk/category/news/page/28/,0,12,0%,17.83
https://www.abels.co.uk/abels-bedford-mld-attends-wayland-agricultural-show-2017/,0,12,0%,22.58
https://www.abels.co.uk/china-national-day-holiday-import-restrictions-for-customers-moving-to-china/,0,12,0%,79.92
https://www.abels.co.uk/shipments-to-benin-cotonou-port-heavy-congestion-creating-delays/,0,11,0%,7.09
https://www.abels.co.uk/moving-to-city/moving-to-brugge/,0,11,0%,7.55
https://www.abels.co.uk/london-to-brighton-commercial-vehicles-run-2016/,0,11,0%,13.18
https://www.abels.co.uk/news/the-royal-british-legion-poppy-appeal-november-2013/,0,11,0%,13.55
https://www.abels.co.uk/news/abels-receives-iso140012004-certificate/,0,11,0%,34.91
https://www.abels.co.uk/downloads/relo-guides/Moving-to-Australia-from-the-UK-advice-and-information-Abels-Relocation-Guide.pdf,0,11,0%,38.82
https://www.abels.co.uk/christmas-comes-but-once-a-year/,0,11,0%,46.27
https://www.abels.co.uk/moving-to-ghana-closure-of-berth-12-at-port-of-tema/,0,11,0%,68.91
https://www.abels.co.uk/wp-booking-calendar/,0,10,0%,6.5
https://www.abels.co.uk/moving-guides/,0,10,0%,8
https://www.abels.co.uk/storage-solutions/storage-thank-you/,0,10,0%,14.8
https://www.abels.co.uk/moving-to-norway-port-strikes-cause-congestion-and-delays/,0,10,0%,17.6
https://www.abels.co.uk/news/moving-to-wellington-port-closed-for-6-months/,0,10,0%,18.8
https://www.abels.co.uk/news/tag/armed-forces/,0,10,0%,22.5
https://www.abels.co.uk/our-partner-luxe-club-retreats/,0,10,0%,25.3
https://www.abels.co.uk/news/airfreight-to-australia-effected-by-chilean-ash-cloud/,0,10,0%,28.9
https://www.abels.co.uk/moving-home/cambridgeshire-removals-company/hemingford-abbots/,0,10,0%,43
https://www.abels.co.uk/moving-to-city/?paged=3,0,10,0%,61.7
https://www.abels.co.uk/moving-to-india-flooding-around-chennai/,0,10,0%,99.4
https://www.abels.co.uk/news/abels-bedford-mld-attends-wayland-agricultural-show-2017/,0,9,0%,9
https://www.abels.co.uk/bedford-mld-restoration-story-in-best-of-norfolk/,0,9,0%,24.89
https://www.abels.co.uk/two-first-class-trophies-for-abels-at-truckfest-2017/,0,9,0%,25.44
https://www.abels.co.uk/news/moving-to-brisbane-access-road-updates-to-the-port-increase-costs/,0,9,0%,41.33
https://www.abels.co.uk/french-truck-strike/,0,9,0%,43.11
https://www.abels.co.uk/category/moving-guides/,0,9,0%,63
https://www.abels.co.uk/news/abels-article-in-edp-on-brexit-movers/,0,8,0%,7.12
https://www.abels.co.uk/news/author/admin-rojnk/page/2/,0,8,0%,12.5
https://www.abels.co.uk/norfolk-removals-company/docking/,0,8,0%,14.5
https://www.abels.co.uk/cambridgeshire-removals-company/meldreth/,0,8,0%,15.75
https://www.abels.co.uk/news/author/admin-rojnk/page/3/,0,8,0%,24.25
https://www.abels.co.uk/news/moving-to-chile-customs-authorities-remain-on-strike/,0,8,0%,30.75
https://www.abels.co.uk/moving-to-city/moving-to-christchurch/,0,8,0%,32.62
https://www.abels.co.uk/category/news/page/4/,0,8,0%,41.12
https://www.abels.co.uk/news/tag/asia-pacific/,0,8,0%,49.25
https://www.abels.co.uk/abels-wins-top-award-for-moving-quality/,0,8,0%,49.62
https://www.abels.co.uk/shipping-to-equatorial-guinea-delays-expected/,0,8,0%,84.12
https://www.abels.co.uk/abels-gain-top-international-quality-award/,0,7,0%,8
https://www.abels.co.uk/moving-to-city/moving-to-genoa/,0,7,0%,11.43
https://www.abels.co.uk/moving-to-ipswich/,0,7,0%,15.43
https://www.abels.co.uk/news/smart-motorways-in-the-uk/,0,7,0%,16.43
https://www.abels.co.uk/moving-home/cambridgeshire-removals-company/little-shelford/,0,7,0%,18.71
https://www.abels.co.uk/moving-to-bangladesh-strikes-oct-2014/,0,7,0%,41
https://www.abels.co.uk/news/us-senate-bill-would-suspend-100-scanning-deadline-for-containers-shipping-to-america/,0,7,0%,48.29
https://www.abels.co.uk/christmas/,0,6,0%,3.17
https://www.abels.co.uk/norfolk-removals-company/thornham/,0,6,0%,7.5